"Date","Price","Open","High","Low","Vol.","Change %"
"12/30/2022","33.12","33.10","33.30","32.86","28.20M","-0.06%"
"12/29/2022","33.14","32.89","33.16","32.75","22.25M","1.13%"
"12/28/2022","32.77","32.57","32.97","32.53","30.54M","0.74%"
"12/27/2022","32.53","32.50","32.67","32.28","22.78M","0.18%"
"12/23/2022","32.47","32.40","32.58","32.19","21.38M","0.25%"
"12/22/2022","32.39","32.52","32.58","31.87","30.23M","-0.89%"
"12/21/2022","32.68","32.52","32.87","32.41","32.54M","1.52%"
"12/20/2022","32.19","32.40","32.58","32.14","35.56M","0.41%"
"12/19/2022","32.06","31.76","32.23","31.73","38.37M","1.14%"
"12/16/2022","31.70","31.62","31.93","31.35","61.80M","-0.22%"
"12/15/2022","31.77","31.75","31.99","31.49","49.03M","-1.58%"
"12/14/2022","32.28","32.80","33.00","32.16","48.82M","-1.44%"
"12/13/2022","32.75","33.55","33.67","32.56","54.80M","0.06%"
"12/12/2022","32.73","32.31","32.78","32.06","41.06M","1.08%"
"12/09/2022","32.38","32.11","32.60","32.08","36.99M","-0.18%"
"12/08/2022","32.44","32.97","32.99","32.18","45.49M","-0.92%"
"12/07/2022","32.74","32.59","32.92","32.35","49.23M","-0.79%"
"12/06/2022","33.00","34.57","34.68","32.40","84.09M","-4.26%"
"12/05/2022","34.47","35.81","35.89","34.14","71.39M","-4.46%"
"12/02/2022","36.08","36.06","36.29","35.81","42.30M","-1.29%"
"12/01/2022","36.55","37.50","37.69","36.40","46.21M","-3.43%"
"11/30/2022","37.85","36.90","37.85","36.20","51.75M","2.30%"
"11/29/2022","37.00","36.98","37.15","36.72","27.05M","0.38%"
"11/28/2022","36.86","37.40","37.66","36.83","35.45M","-2.23%"
"11/25/2022","37.70","37.72","37.87","37.56","16.12M","0.24%"
"11/23/2022","37.61","37.49","37.66","37.37","18.93M","0.32%"
"11/22/2022","37.49","37.59","37.80","37.43","23.50M","0.48%"
"11/21/2022","37.31","37.09","37.52","37.06","27.94M","0.32%"
"11/18/2022","37.19","37.79","37.85","36.92","32.04M","0.05%"
"11/17/2022","37.17","36.88","37.20","36.56","23.69M","-0.51%"
"11/16/2022","37.36","37.61","37.74","37.20","23.81M","-0.90%"
"11/15/2022","37.70","38.19","38.30","37.29","46.08M","-0.16%"
"11/14/2022","37.76","38.09","38.26","37.75","35.54M","-1.69%"
"11/11/2022","38.41","38.19","38.60","37.97","35.69M","0.73%"
"11/10/2022","38.13","37.30","38.22","37.14","45.70M","4.41%"
"11/09/2022","36.52","36.88","36.96","36.39","30.16M","-1.59%"
"11/08/2022","37.11","37.09","37.42","36.75","32.66M","0.27%"
"11/07/2022","37.01","37.01","37.34","36.73","37.53M","0.60%"
"11/04/2022","36.79","36.50","37.00","36.22","39.37M","2.51%"
"11/03/2022","35.89","35.70","36.14","35.41","30.05M","-0.55%"
"11/02/2022","36.09","36.07","37.28","35.95","57.38M","-0.30%"
"11/01/2022","36.20","36.44","36.76","36.11","29.91M","0.44%"
"10/31/2022","36.04","36.00","36.33","35.81","32.57M","-0.39%"
"10/28/2022","36.18","36.04","36.30","35.64","31.66M","0.86%"
"10/27/2022","35.87","36.15","36.37","35.77","35.26M","0.48%"
"10/26/2022","35.70","35.42","36.09","35.35","41.11M","0.88%"
"10/25/2022","35.39","34.74","35.58","34.53","37.13M","0.91%"
"10/24/2022","35.07","35.11","35.26","34.71","33.77M","0.34%"
"10/21/2022","34.95","33.56","35.04","33.56","54.87M","3.71%"
"10/20/2022","33.70","33.98","34.63","33.59","39.55M","-0.65%"
"10/19/2022","33.92","34.58","34.83","33.77","43.14M","-2.75%"
"10/18/2022","34.88","34.98","35.36","34.28","81.94M","3.75%"
"10/17/2022","33.62","33.36","33.87","32.87","88.90M","6.06%"
"10/14/2022","31.70","31.81","32.63","31.57","58.17M","0.03%"
"10/13/2022","31.69","29.41","31.77","29.31","67.67M","6.13%"
"10/12/2022","29.86","29.64","30.31","29.48","36.14M","0.30%"
"10/11/2022","29.77","30.37","30.47","29.57","58.12M","-2.90%"
"10/10/2022","30.66","30.90","31.05","30.35","37.67M","-0.29%"
"10/07/2022","30.75","31.17","31.24","30.52","52.30M","-2.26%"
"10/06/2022","31.46","31.60","31.88","31.36","40.89M","-1.44%"
"10/05/2022","31.92","31.54","32.03","31.45","35.79M","-1.42%"
"10/04/2022","32.38","31.72","32.52","31.66","39.76M","4.15%"
"10/03/2022","31.09","30.59","31.28","30.20","34.59M","2.95%"
"09/30/2022","30.20","30.76","31.19","30.17","42.29M","-1.50%"
"09/29/2022","30.66","30.69","30.90","30.21","35.22M","-1.32%"
"09/28/2022","31.07","30.53","31.31","30.39","38.37M","1.64%"
"09/27/2022","30.57","31.27","31.37","30.30","43.40M","-1.48%"
"09/26/2022","31.03","31.32","31.82","30.68","40.36M","-2.21%"
"09/23/2022","31.73","31.93","32.09","31.21","55.32M","-2.37%"
"09/22/2022","32.50","33.31","33.42","32.39","47.53M","-1.96%"
"09/21/2022","33.15","34.31","34.40","33.12","51.67M","-2.99%"
"09/20/2022","34.17","34.50","34.78","33.88","33.59M","-1.50%"
"09/19/2022","34.69","33.72","34.87","33.63","29.78M","1.67%"
"09/16/2022","34.12","34.19","34.23","33.66","54.28M","-1.13%"
"09/15/2022","34.51","33.79","34.90","33.70","44.86M","1.89%"
"09/14/2022","33.87","34.20","34.42","33.54","32.00M","-0.38%"
"09/13/2022","34.00","34.58","34.72","33.81","40.96M","-3.60%"
"09/12/2022","35.27","35.20","35.63","35.03","30.53M","0.94%"
"09/09/2022","34.94","34.98","35.25","34.84","37.31M","0.84%"
"09/08/2022","34.65","33.46","34.73","33.27","44.36M","3.22%"
"09/07/2022","33.57","32.81","33.67","32.63","40.74M","1.54%"
"09/06/2022","33.06","33.64","33.73","32.61","40.76M","-1.11%"
"09/02/2022","33.43","33.93","34.48","33.27","44.00M","-0.12%"
"09/01/2022","33.47","33.34","33.49","32.66","32.85M","-0.42%"
"08/31/2022","33.61","34.14","34.37","33.60","44.92M","-1.41%"
"08/30/2022","34.09","34.18","34.28","33.54","48.19M","0.56%"
"08/29/2022","33.90","33.86","34.15","33.61","34.93M","-0.38%"
"08/26/2022","34.03","35.44","35.47","34.02","36.15M","-3.16%"
"08/25/2022","35.14","34.60","35.28","34.45","40.58M","1.80%"
"08/24/2022","34.52","34.25","34.79","34.05","31.39M","0.32%"
"08/23/2022","34.41","34.67","34.97","34.36","26.59M","-0.89%"
"08/22/2022","34.72","34.75","34.81","34.45","31.21M","-2.14%"
"08/19/2022","35.48","35.96","36.03","35.31","36.49M","-2.21%"
"08/18/2022","36.28","36.25","36.40","36.00","23.14M","-0.36%"
"08/17/2022","36.41","36.20","36.59","36.08","27.13M","-0.63%"
"08/16/2022","36.64","36.19","36.94","36.10","31.87M","1.08%"
"08/15/2022","36.25","35.84","36.30","35.67","24.91M","-0.14%"
"08/12/2022","36.30","36.16","36.31","35.69","31.82M","1.09%"
"08/11/2022","35.91","35.77","36.06","35.65","50.42M","2.40%"
"08/10/2022","35.07","34.50","35.43","34.45","61.42M","3.39%"
"08/09/2022","33.92","33.65","33.96","33.41","40.20M","1.28%"
"08/08/2022","33.49","34.17","34.29","33.45","33.47M","-1.38%"
"08/05/2022","33.96","33.28","34.33","33.24","35.87M","1.68%"
"08/04/2022","33.40","33.52","33.67","33.17","28.40M","-0.71%"
"08/03/2022","33.64","33.42","33.75","33.17","30.07M","1.82%"
"08/02/2022","33.04","33.60","33.72","33.00","37.88M","-1.99%"
"08/01/2022","33.71","33.62","33.89","33.22","32.34M","-0.30%"
"07/29/2022","33.81","33.47","33.94","33.35","48.15M","1.47%"
"07/28/2022","33.32","33.50","33.75","32.90","40.18M","-0.80%"
"07/27/2022","33.59","33.24","33.77","32.95","30.34M","1.63%"
"07/26/2022","33.05","33.41","33.78","32.96","30.65M","-2.02%"
"07/25/2022","33.73","33.78","33.97","33.44","30.38M","0.90%"
"07/22/2022","33.43","33.60","33.94","33.09","27.12M","-0.65%"
"07/21/2022","33.65","33.09","33.67","32.95","31.24M","0.87%"
"07/20/2022","33.36","33.18","33.45","32.95","35.51M","0.03%"
"07/19/2022","33.35","32.90","33.62","32.68","46.87M","3.38%"
"07/18/2022","32.26","33.08","33.38","32.10","56.38M","0.03%"
"07/15/2022","32.25","30.65","32.63","30.61","77.80M","7.04%"
"07/14/2022","30.13","30.09","30.22","29.67","51.71M","-2.30%"
"07/13/2022","30.84","31.07","31.15","30.40","44.15M","-1.66%"
"07/12/2022","31.36","31.02","32.03","30.98","39.53M","-0.32%"
"07/11/2022","31.46","31.55","31.79","31.29","29.34M","-1.04%"
"07/08/2022","31.79","32.01","32.25","31.56","31.15M","-0.22%"
"07/07/2022","31.86","31.50","32.01","31.47","40.14M","2.84%"
"07/06/2022","30.98","31.01","31.25","30.64","35.93M","-0.83%"
"07/05/2022","31.24","30.80","31.24","30.45","47.44M","-1.01%"
"07/01/2022","31.56","30.98","31.67","30.63","40.24M","1.38%"
"06/30/2022","31.13","31.17","31.55","30.64","46.31M","-2.29%"
"06/29/2022","31.86","32.23","32.44","31.66","35.15M","-1.24%"
"06/28/2022","32.26","32.83","33.50","32.19","49.92M","-0.28%"
"06/27/2022","32.35","32.42","32.60","31.91","47.90M","0.12%"
"06/24/2022","32.31","31.25","32.77","31.23","79.50M","0.72%"
"06/23/2022","32.08","32.38","32.40","31.26","44.09M","-1.60%"
"06/22/2022","32.60","32.39","32.94","32.32","38.34M","-0.76%"
"06/21/2022","32.85","32.89","33.29","32.62","53.54M","2.91%"
"06/17/2022","31.92","32.03","32.58","31.64","80.47M","0.22%"
"06/16/2022","31.85","31.50","32.00","30.86","61.36M","-0.62%"
"06/15/2022","32.05","31.98","32.49","31.42","51.54M","1.88%"
"06/14/2022","31.46","31.92","32.60","31.23","49.35M","-1.75%"
"06/13/2022","32.02","32.39","32.77","31.74","61.22M","-3.47%"
"06/10/2022","33.17","33.68","34.04","33.02","49.35M","-3.88%"
"06/09/2022","34.51","35.74","35.84","34.50","49.46M","-3.85%"
"06/08/2022","35.89","35.92","36.11","35.52","33.59M","-1.27%"
"06/07/2022","36.35","35.90","36.40","35.74","29.15M","0.55%"
"06/06/2022","36.15","36.70","37.21","36.10","40.39M","-0.11%"
"06/03/2022","36.19","36.48","36.68","36.13","25.24M","-1.39%"
"06/02/2022","36.70","36.41","36.71","36.06","35.34M","0.08%"
"06/01/2022","36.67","37.46","37.47","36.17","35.24M","-1.42%"
"05/31/2022","37.20","36.81","37.53","36.61","71.61M","0.49%"
"05/27/2022","37.02","36.89","37.05","36.58","43.37M","0.95%"
"05/26/2022","36.67","36.50","36.84","36.34","60.20M","2.32%"
"05/25/2022","35.84","35.50","36.27","35.29","49.34M","0.53%"
"05/24/2022","35.65","35.47","35.96","34.96","46.15M","-0.61%"
"05/23/2022","35.87","34.76","36.26","34.66","69.08M","5.94%"
"05/20/2022","33.86","34.80","34.98","32.96","62.41M","-1.71%"
"05/19/2022","34.45","34.29","34.84","34.25","47.00M","-1.23%"
"05/18/2022","34.88","35.62","35.69","34.60","47.40M","-3.08%"
"05/17/2022","35.99","35.62","36.22","35.43","42.64M","3.39%"
"05/16/2022","34.81","35.00","35.17","34.41","39.08M","-1.02%"
"05/13/2022","35.17","35.53","35.73","34.76","49.12M","0.29%"
"05/12/2022","35.07","35.01","35.43","34.26","61.23M","-1.41%"
"05/11/2022","35.57","35.90","36.92","35.51","54.97M","-0.53%"
"05/10/2022","35.76","36.75","37.13","35.18","60.24M","-1.68%"
"05/09/2022","36.37","36.87","37.06","36.06","51.24M","-2.88%"
"05/06/2022","37.45","37.37","37.62","36.61","50.44M","-0.24%"
"05/05/2022","37.54","38.05","38.21","36.87","48.86M","-2.80%"
"05/04/2022","38.62","37.37","38.75","37.28","57.86M","4.01%"
"05/03/2022","37.13","36.34","37.63","36.33","48.93M","2.74%"
"05/02/2022","36.14","36.03","36.28","35.40","46.65M","1.29%"
"04/29/2022","35.68","36.75","37.13","35.54","47.42M","-3.07%"
"04/28/2022","36.81","36.73","36.95","36.16","39.57M","1.54%"
"04/27/2022","36.25","36.27","36.91","36.17","39.82M","-0.55%"
"04/26/2022","36.45","36.88","37.54","36.42","44.81M","-2.25%"
"04/25/2022","37.29","36.89","37.40","35.93","64.30M","-0.72%"
"04/22/2022","37.56","38.81","38.85","37.50","50.41M","-3.47%"
"04/21/2022","38.91","40.00","40.21","38.62","46.25M","-1.89%"
"04/20/2022","39.66","40.15","40.37","39.61","47.06M","0.23%"
"04/19/2022","39.57","39.21","39.88","39.11","53.71M","1.85%"
"04/18/2022","38.85","37.42","39.31","37.22","80.08M","3.41%"
"04/14/2022","37.57","38.49","38.97","37.42","79.03M","-3.22%"
"04/13/2022","38.82","38.50","39.01","38.36","45.48M","-0.89%"
"04/12/2022","39.17","39.57","40.08","38.85","42.86M","-1.06%"
"04/11/2022","39.59","39.48","40.40","39.39","34.20M","-0.20%"
"04/08/2022","39.67","39.49","40.10","39.31","41.02M","0.71%"
"04/07/2022","39.39","39.89","39.98","38.85","54.59M","-0.78%"
"04/06/2022","39.70","39.74","40.01","39.35","54.16M","-1.10%"
"04/05/2022","40.14","40.44","40.76","40.04","51.78M","-1.69%"
"04/04/2022","40.83","40.48","41.14","40.16","53.79M","-0.17%"
"04/01/2022","40.90","41.69","41.74","40.35","61.93M","-0.78%"
"03/31/2022","41.22","42.84","42.89","41.20","67.90M","-4.14%"
"03/30/2022","43.00","43.44","43.65","42.75","36.60M","-1.01%"
"03/29/2022","43.44","44.25","44.39","43.11","46.36M","-0.25%"
"03/28/2022","43.55","43.71","43.75","42.83","37.43M","-0.41%"
"03/25/2022","43.73","43.48","44.26","43.33","38.97M","1.53%"
"03/24/2022","43.07","43.38","43.43","42.88","30.36M","-0.05%"
"03/23/2022","43.09","43.72","44.01","43.03","48.54M","-2.47%"
"03/22/2022","44.18","43.82","44.63","43.69","52.36M","3.13%"
"03/21/2022","42.84","43.35","43.43","42.51","47.11M","-0.14%"
"03/18/2022","42.90","42.76","42.93","42.26","74.47M","-0.30%"
"03/17/2022","43.03","42.41","43.04","41.83","50.26M","0.54%"
"03/16/2022","42.80","42.24","43.04","41.92","59.48M","3.13%"
"03/15/2022","41.50","41.26","41.78","40.87","41.40M","0.73%"
"03/14/2022","41.20","40.90","42.18","40.90","54.26M","2.16%"
"03/11/2022","40.33","41.04","41.38","40.29","43.95M","-0.84%"
"03/10/2022","40.67","40.29","41.47","40.11","48.80M","-0.90%"
"03/09/2022","41.04","40.31","41.60","40.16","78.21M","6.35%"
"03/08/2022","38.59","39.07","39.66","38.17","76.55M","0.65%"
"03/07/2022","38.34","39.93","40.11","38.21","109.78M","-6.37%"
"03/04/2022","40.95","41.43","41.44","40.32","75.62M","-3.62%"
"03/03/2022","42.49","43.09","43.49","42.21","48.73M","-1.55%"
"03/02/2022","43.16","42.74","43.53","42.62","70.83M","1.62%"
"03/01/2022","42.47","43.71","43.74","41.93","74.90M","-3.91%"
"02/28/2022","44.20","43.72","44.26","43.44","69.96M","-1.82%"
"02/25/2022","45.02","43.81","45.35","43.63","68.53M","3.26%"
"02/24/2022","43.60","43.00","43.67","42.05","80.48M","-2.64%"
"02/23/2022","44.78","45.95","46.11","44.57","45.70M","-1.71%"
"02/22/2022","45.56","45.17","45.98","45.04","51.91M","-0.87%"
"02/18/2022","45.96","46.07","46.53","45.72","37.86M","-0.24%"
"02/17/2022","46.07","47.00","47.29","45.95","49.44M","-3.38%"
"02/16/2022","47.68","47.44","48.24","47.31","36.66M","-0.23%"
"02/15/2022","47.79","48.00","48.37","47.57","42.40M","0.78%"
"02/14/2022","47.42","48.02","48.19","46.94","44.79M","-1.04%"
"02/11/2022","47.92","48.63","49.44","47.50","61.06M","-2.30%"
"02/10/2022","49.05","49.68","50.11","48.76","47.08M","-0.47%"
"02/09/2022","49.28","49.22","49.79","49.03","33.86M","-0.20%"
"02/08/2022","49.38","49.15","50.02","48.94","49.56M","1.79%"
"02/07/2022","48.51","48.56","48.76","47.99","44.82M","0.48%"
"02/04/2022","48.28","47.08","48.69","46.68","60.30M","3.98%"
"02/03/2022","46.43","47.22","47.29","46.35","35.88M","-0.98%"
"02/02/2022","46.89","46.72","46.96","46.30","41.13M","-0.11%"
"02/01/2022","46.94","46.21","47.10","45.90","40.33M","1.73%"
"01/31/2022","46.14","45.52","46.27","45.22","44.79M","0.59%"
"01/28/2022","45.87","45.33","45.89","44.45","51.05M","0.88%"
"01/27/2022","45.47","46.37","46.75","45.09","63.40M","-0.94%"
"01/26/2022","45.90","45.78","46.46","45.26","63.74M","1.03%"
"01/25/2022","45.43","44.29","45.57","43.83","73.56M","1.98%"
"01/24/2022","44.55","43.90","44.69","42.59","90.78M","-0.82%"
"01/21/2022","44.92","45.57","46.02","44.66","71.30M","-1.81%"
"01/20/2022","45.75","46.69","47.05","45.66","46.27M","-1.49%"
"01/19/2022","46.44","48.39","48.58","46.35","84.45M","0.39%"
"01/18/2022","46.26","47.85","47.92","46.05","65.94M","-3.44%"
"01/14/2022","47.91","47.52","48.23","47.19","72.95M","-1.74%"
"01/13/2022","48.76","48.92","49.49","48.63","46.34M","-0.20%"
"01/12/2022","48.86","49.17","49.38","48.68","41.38M","-0.71%"
"01/11/2022","49.21","48.99","49.25","48.64","40.45M","0.57%"
"01/10/2022","48.93","49.91","50.08","48.34","66.84M","-0.51%"
"01/07/2022","49.18","48.15","49.31","48.06","59.08M","2.18%"
"01/06/2022","48.13","47.98","48.16","47.19","52.04M","2.01%"
"01/05/2022","47.18","48.14","48.37","47.16","57.79M","-1.69%"
"01/04/2022","47.99","47.06","48.43","47.04","74.61M","3.92%"
"01/03/2022","46.18","45.09","46.49","44.98","58.63M","3.80%"
"12/31/2021","44.49","44.52","44.72","44.28","24.25M","-0.09%"
"12/30/2021","44.53","44.75","45.10","44.48","23.85M","-0.22%"
"12/29/2021","44.63","44.85","45.12","44.60","25.29M","-0.16%"
"12/28/2021","44.70","44.47","45.08","44.42","32.50M","0.13%"
"12/27/2021","44.64","44.55","44.82","44.31","33.89M","0.50%"
"12/23/2021","44.42","44.68","45.06","44.40","34.05M","0.32%"
"12/22/2021","44.28","44.08","44.58","43.88","35.72M","0.20%"
"12/21/2021","44.19","43.54","44.48","43.54","47.85M","2.39%"
"12/20/2021","43.16","43.27","43.36","42.70","56.46M","-1.64%"
"12/17/2021","43.88","44.50","44.70","43.62","124.71M","-2.49%"
"12/16/2021","45.00","44.70","45.36","44.09","69.49M","2.41%"
"12/15/2021","43.94","44.37","44.45","43.62","60.06M","-0.43%"
"12/14/2021","44.13","43.59","44.82","43.53","47.10M","1.26%"
"12/13/2021","43.58","44.27","44.40","43.39","38.65M","-2.11%"
"12/10/2021","44.52","44.71","44.83","44.07","37.70M","0.07%"
"12/09/2021","44.49","43.91","44.73","43.65","37.32M","0.75%"
"12/08/2021","44.16","44.68","44.80","44.09","50.56M","-1.23%"
"12/07/2021","44.71","44.56","44.91","44.43","40.74M","1.27%"
"12/06/2021","44.15","44.56","44.88","43.96","48.19M","0.64%"
"12/03/2021","43.87","45.00","45.07","43.60","74.61M","-2.27%"
"12/02/2021","44.89","44.33","45.50","44.00","57.82M","2.40%"
"12/01/2021","43.84","45.22","45.70","43.81","60.64M","-1.42%"
"11/30/2021","44.47","44.76","45.22","44.36","77.19M","-2.46%"
"11/29/2021","45.59","46.42","46.70","45.17","50.23M","-0.37%"
"11/26/2021","45.76","45.52","46.03","44.75","55.11M","-3.93%"
"11/24/2021","47.63","47.42","47.98","47.21","40.06M","0.27%"
"11/23/2021","47.50","46.87","47.65","46.67","49.36M","2.64%"
"11/22/2021","46.28","46.72","46.87","45.91","53.70M","1.94%"
"11/19/2021","45.40","45.70","45.77","44.83","48.43M","-1.99%"
"11/18/2021","46.32","46.71","46.81","46.21","30.64M","-0.41%"
"11/17/2021","46.51","47.08","47.20","46.45","32.96M","-1.21%"
"11/16/2021","47.08","47.18","47.28","46.69","35.12M","0.06%"
"11/15/2021","47.05","47.26","47.39","46.90","35.34M","0.30%"
"11/12/2021","46.91","47.51","47.53","46.76","44.27M","-1.22%"
"11/11/2021","47.49","47.31","47.89","47.01","31.19M","0.55%"
"11/10/2021","47.23","46.75","47.52","46.65","39.39M","0.75%"
"11/09/2021","46.88","46.65","47.36","46.41","36.90M","-0.97%"
"11/08/2021","47.34","47.35","47.80","47.25","33.82M","0.79%"
"11/05/2021","46.97","47.60","47.82","46.82","38.27M","-0.76%"
"11/04/2021","47.33","48.15","48.15","46.88","47.65M","-2.15%"
"11/03/2021","48.37","47.80","48.69","47.61","42.55M","1.02%"
"11/02/2021","47.88","47.57","48.42","47.35","36.28M","0.06%"
"11/01/2021","47.85","48.10","48.17","47.28","36.94M","0.15%"
"10/29/2021","47.78","47.75","48.13","47.52","31.76M","0.00%"
"10/28/2021","47.78","47.59","48.00","47.30","37.21M","1.57%"
"10/27/2021","47.04","47.48","48.17","47.03","45.79M","-1.92%"
"10/26/2021","47.96","47.66","48.42","47.44","35.67M","0.95%"
"10/25/2021","47.51","47.80","47.98","47.20","31.68M","-0.13%"
"10/22/2021","47.57","46.99","47.62","46.99","36.23M","1.58%"
"10/21/2021","46.83","47.10","47.48","46.61","36.85M","-0.55%"
"10/20/2021","47.09","46.49","47.24","46.05","40.41M","1.31%"
"10/19/2021","46.48","46.50","46.63","46.20","32.52M","0.43%"
"10/18/2021","46.28","46.29","46.89","46.03","49.54M","-0.19%"
"10/15/2021","46.37","45.77","46.67","45.36","64.26M","2.88%"
"10/14/2021","45.07","44.37","45.10","43.48","82.20M","4.47%"
"10/13/2021","43.14","43.55","43.63","42.33","43.91M","-0.92%"
"10/12/2021","43.54","43.67","44.00","43.27","36.90M","-0.55%"
"10/11/2021","43.78","44.60","44.81","43.75","36.28M","-1.26%"
"10/08/2021","44.34","44.07","44.81","43.92","39.39M","0.50%"
"10/07/2021","44.12","44.79","44.87","44.03","46.26M","-0.27%"
"10/06/2021","44.24","43.85","44.29","43.55","47.03M","0.05%"
"10/05/2021","44.22","43.77","44.75","43.67","54.07M","2.03%"
"10/04/2021","43.34","43.11","44.06","43.07","48.27M","0.60%"
"10/01/2021","43.08","42.48","43.43","42.39","40.99M","1.48%"
"09/30/2021","42.45","43.35","43.35","42.23","47.41M","-1.44%"
"09/29/2021","43.07","43.18","43.32","42.74","44.26M","-0.21%"
"09/28/2021","43.16","43.43","44.04","43.06","60.78M","-0.23%"
"09/27/2021","43.26","42.68","43.43","42.64","49.76M","2.66%"
"09/24/2021","42.14","41.72","42.34","41.65","39.04M","1.08%"
"09/23/2021","41.69","40.76","41.88","40.65","49.78M","3.86%"
"09/22/2021","40.14","39.75","40.52","39.75","46.26M","2.58%"
"09/21/2021","39.13","39.27","39.60","38.94","38.27M","0.05%"
"09/20/2021","39.11","39.38","39.46","38.36","67.57M","-3.43%"
"09/17/2021","40.50","40.34","40.67","40.08","92.75M","0.12%"
"09/16/2021","40.45","40.48","40.81","40.19","42.92M","0.77%"
"09/15/2021","40.14","39.73","40.34","39.67","52.36M","0.75%"
"09/14/2021","39.84","41.13","41.31","39.66","53.82M","-2.69%"
"09/13/2021","40.94","40.60","40.96","40.35","42.04M","1.66%"
"09/10/2021","40.27","41.22","41.35","40.24","40.51M","-1.61%"
"09/09/2021","40.93","40.66","41.35","40.56","36.27M","0.37%"
"09/08/2021","40.78","41.08","41.49","40.68","36.06M","-1.31%"
"09/07/2021","41.32","41.25","41.85","41.18","43.76M","0.66%"
"09/03/2021","41.05","41.02","41.19","40.68","41.82M","0.07%"
"09/02/2021","41.02","41.11","41.49","40.64","44.56M","-0.41%"
"09/01/2021","41.19","41.75","41.78","41.03","52.36M","-1.34%"
"08/31/2021","41.75","41.67","42.07","41.36","54.65M","0.22%"
"08/30/2021","41.66","42.63","42.63","41.63","44.86M","-1.95%"
"08/27/2021","42.49","42.12","42.65","41.94","46.47M","1.07%"
"08/26/2021","42.04","42.50","42.84","42.02","41.18M","-0.26%"
"08/25/2021","42.15","41.66","42.45","41.53","51.22M","1.62%"
"08/24/2021","41.48","41.10","41.68","41.04","35.58M","1.39%"
"08/23/2021","40.91","40.63","41.10","40.60","35.36M","1.34%"
"08/20/2021","40.37","40.09","40.47","39.91","40.41M","0.45%"
"08/19/2021","40.19","40.12","40.67","40.01","51.88M","-1.47%"
"08/18/2021","40.79","40.77","41.53","40.66","50.34M","-0.73%"
"08/17/2021","41.09","41.05","41.56","40.62","43.53M","-0.48%"
"08/16/2021","41.29","41.16","41.30","40.61","38.61M","-0.82%"
"08/13/2021","41.63","42.09","42.23","41.43","41.34M","-1.23%"
"08/12/2021","42.15","42.23","42.28","41.77","37.41M","0.48%"
"08/11/2021","41.95","41.60","42.19","41.47","58.46M","1.26%"
"08/10/2021","41.43","40.71","41.62","40.58","44.99M","1.87%"
"08/09/2021","40.67","40.05","40.96","39.80","56.34M","1.30%"
"08/06/2021","40.15","39.47","40.41","39.47","58.02M","2.90%"
"08/05/2021","39.02","38.57","39.06","38.55","34.75M","1.96%"
"08/04/2021","38.27","38.03","38.77","37.86","42.29M","-0.73%"
"08/03/2021","38.55","38.06","38.63","37.55","39.68M","1.55%"
"08/02/2021","37.96","38.40","38.95","37.91","49.89M","-1.04%"
"07/30/2021","38.36","38.51","38.83","38.05","46.21M","-0.83%"
"07/29/2021","38.68","38.55","38.98","38.37","43.04M","1.44%"
"07/28/2021","38.13","38.19","38.50","37.75","43.33M","0.39%"
"07/27/2021","37.98","37.72","38.24","37.46","39.12M","-0.39%"
"07/26/2021","38.13","37.66","38.24","37.66","32.26M","1.14%"
"07/23/2021","37.70","38.20","38.27","37.56","48.66M","-0.68%"
"07/22/2021","37.96","38.36","38.40","37.68","52.72M","-1.30%"
"07/21/2021","38.46","38.05","38.77","37.98","49.91M","2.04%"
"07/20/2021","37.69","36.86","38.12","36.61","59.46M","2.06%"
"07/19/2021","36.93","36.75","37.25","36.51","83.25M","-2.61%"
"07/16/2021","37.92","39.22","39.29","37.59","60.47M","-2.34%"
"07/15/2021","38.83","38.39","39.33","38.32","54.70M","-0.08%"
"07/14/2021","38.86","39.11","39.55","37.79","105.65M","-2.51%"
"07/13/2021","39.86","40.48","40.48","39.58","54.34M","-1.90%"
"07/12/2021","40.63","39.79","40.81","39.64","42.62M","1.47%"
"07/09/2021","40.04","39.65","40.24","39.40","43.89M","3.25%"
"07/08/2021","38.78","38.62","39.24","38.48","52.79M","-2.44%"
"07/07/2021","39.75","39.57","40.00","39.36","43.50M","-0.80%"
"07/06/2021","40.07","40.81","40.88","39.87","47.58M","-2.62%"
"07/02/2021","41.15","41.37","41.47","41.10","28.99M","-0.94%"
"07/01/2021","41.54","41.56","41.70","41.21","28.05M","0.75%"
"06/30/2021","41.23","40.76","41.35","40.72","29.16M","0.83%"
"06/29/2021","40.89","41.63","41.95","40.75","38.52M","-1.61%"
"06/28/2021","41.56","41.46","41.58","41.10","34.42M","-0.14%"
"06/25/2021","41.62","41.27","41.83","40.84","53.18M","1.93%"
"06/24/2021","40.83","40.44","41.01","40.18","37.16M","1.57%"
"06/23/2021","40.20","40.16","40.42","40.07","32.04M","0.58%"
"06/22/2021","39.97","39.88","40.26","39.28","44.11M","0.55%"
"06/21/2021","39.75","39.12","39.78","39.03","48.12M","2.50%"
"06/18/2021","38.78","39.01","39.30","38.49","102.77M","-2.56%"
"06/17/2021","39.80","42.02","42.10","39.72","80.73M","-4.37%"
"06/16/2021","41.62","41.28","41.99","40.67","63.86M","0.56%"
"06/15/2021","41.39","41.28","41.56","40.90","39.25M","0.07%"
"06/14/2021","41.36","41.85","41.90","41.06","36.05M","-1.19%"
"06/11/2021","41.86","41.81","41.89","41.51","31.20M","0.41%"
"06/10/2021","41.69","42.76","42.96","41.62","40.12M","-1.49%"
"06/09/2021","42.32","42.47","42.73","42.11","42.37M","-1.31%"
"06/08/2021","42.88","42.86","43.24","42.42","41.87M","-0.56%"
"06/07/2021","43.12","43.27","43.39","43.06","28.40M","-0.35%"
"06/04/2021","43.27","43.24","43.39","42.83","37.19M","0.05%"
"06/03/2021","43.25","42.77","43.49","42.68","46.98M","0.72%"
"06/02/2021","42.94","43.10","43.17","42.60","34.18M","0.05%"
"06/01/2021","42.92","42.95","43.28","42.76","42.89M","1.25%"
"05/28/2021","42.39","42.66","42.71","42.05","38.51M","-0.38%"
"05/27/2021","42.55","42.48","42.85","42.12","52.98M","1.21%"
"05/26/2021","42.04","42.02","42.25","41.66","41.33M","0.07%"
"05/25/2021","42.01","42.69","43.26","41.93","52.66M","-1.45%"
"05/24/2021","42.63","42.58","42.78","42.25","31.39M","0.54%"
"05/21/2021","42.40","42.02","42.60","41.89","40.24M","1.27%"
"05/20/2021","41.87","41.90","42.13","41.46","36.87M","-0.24%"
"05/19/2021","41.97","41.65","42.00","41.31","42.67M","-0.45%"
"05/18/2021","42.16","42.70","42.95","42.14","37.88M","-1.36%"
"05/17/2021","42.74","42.24","42.85","42.16","32.66M","0.90%"
"05/14/2021","42.36","42.06","42.48","41.92","30.93M","1.24%"
"05/13/2021","41.84","40.86","42.09","40.78","42.03M","1.60%"
"05/12/2021","41.18","42.38","42.56","41.04","47.53M","-0.94%"
"05/11/2021","41.57","41.55","42.34","41.34","42.96M","-1.14%"
"05/10/2021","42.05","42.50","42.94","42.03","41.27M","-0.31%"
"05/07/2021","42.18","41.13","42.25","41.11","39.25M","0.40%"
"05/06/2021","42.01","41.48","42.06","41.24","39.04M","1.50%"
"05/05/2021","41.39","41.20","41.56","40.76","37.47M","0.95%"
"05/04/2021","41.00","40.24","41.08","39.78","53.88M","1.08%"
"05/03/2021","40.56","40.87","41.05","40.42","41.94M","0.07%"
"04/30/2021","40.53","40.84","40.90","40.47","39.20M","-1.41%"
"04/29/2021","41.11","40.55","41.13","40.46","44.01M","2.70%"
"04/28/2021","40.03","39.93","40.22","39.88","34.08M","0.38%"
"04/27/2021","39.88","39.67","39.92","39.51","34.30M","1.19%"
"04/26/2021","39.41","39.35","39.85","39.28","34.70M","0.59%"
"04/23/2021","39.18","38.32","39.34","38.22","48.69M","2.14%"
"04/22/2021","38.36","38.75","38.77","38.17","48.09M","-0.93%"
"04/21/2021","38.72","37.75","38.78","37.41","37.85M","1.68%"
"04/20/2021","38.08","39.00","39.00","37.89","50.83M","-2.78%"
"04/19/2021","39.17","39.39","39.43","39.03","42.32M","0.05%"
"04/16/2021","39.15","39.31","39.42","38.91","60.63M","1.06%"
"04/15/2021","38.74","39.73","39.83","38.05","118.13M","-2.86%"
"04/14/2021","39.88","38.98","40.33","38.92","52.02M","1.42%"
"04/13/2021","39.32","39.81","39.82","39.20","46.77M","-1.85%"
"04/12/2021","40.06","39.99","40.38","39.85","45.54M","0.18%"
"04/09/2021","39.99","39.91","40.18","39.51","45.87M","0.73%"
"04/08/2021","39.70","39.80","39.85","39.22","45.29M","-0.87%"
"04/07/2021","40.05","39.77","40.15","39.59","43.14M","0.91%"
"04/06/2021","39.69","39.53","40.15","39.46","42.59M","-0.28%"
"04/05/2021","39.80","40.00","40.28","39.60","50.33M","0.79%"
"04/01/2021","39.49","38.83","39.52","38.72","65.59M","2.07%"
"03/31/2021","38.69","38.62","38.99","38.46","49.27M","-0.77%"
"03/30/2021","38.99","38.63","39.46","38.63","56.71M","1.77%"
"03/29/2021","38.31","38.05","38.63","37.86","45.68M","-0.96%"
"03/26/2021","38.68","38.35","38.76","38.08","66.85M","2.71%"
"03/25/2021","37.66","36.87","37.75","36.63","47.52M","2.06%"
"03/24/2021","36.90","37.21","37.79","36.89","43.90M","0.00%"
"03/23/2021","36.90","37.36","37.82","36.78","49.84M","-2.02%"
"03/22/2021","37.66","38.08","38.38","37.40","54.70M","-2.26%"
"03/19/2021","38.53","38.29","38.92","37.53","106.25M","-1.05%"
"03/18/2021","38.94","38.51","39.97","38.42","95.44M","2.61%"
"03/17/2021","37.95","38.00","38.36","37.33","63.80M","0.82%"
"03/16/2021","37.64","37.42","37.72","36.97","50.30M","-0.29%"
"03/15/2021","37.75","38.03","38.07","37.22","50.19M","-0.50%"
"03/12/2021","37.94","37.92","38.18","37.58","46.07M","1.88%"
"03/11/2021","37.24","37.27","37.79","36.85","45.83M","-0.35%"
"03/10/2021","37.37","36.54","37.53","36.37","53.37M","2.89%"
"03/09/2021","36.32","36.55","37.16","35.81","63.95M","-2.18%"
"03/08/2021","37.13","37.38","37.73","36.82","65.34M","0.54%"
"03/05/2021","36.93","37.03","37.60","36.17","74.29M","1.18%"
"03/04/2021","36.50","36.14","36.87","35.92","96.51M","0.22%"
"03/03/2021","36.42","35.97","36.97","35.84","66.05M","2.50%"
"03/02/2021","35.53","35.65","35.94","35.50","41.17M","-0.73%"
"03/01/2021","35.79","35.52","36.05","35.24","45.90M","3.11%"
"02/26/2021","34.71","35.73","36.03","34.68","70.93M","-3.40%"
"02/25/2021","35.93","36.96","37.03","35.76","74.76M","-1.24%"
"02/24/2021","36.38","35.74","36.52","35.60","58.14M","2.42%"
"02/23/2021","35.52","35.42","35.89","35.14","67.44M","1.05%"
"02/22/2021","35.15","34.45","35.25","34.41","56.78M","1.77%"
"02/19/2021","34.54","34.20","34.72","34.18","54.51M","1.02%"
"02/18/2021","34.19","34.06","34.65","34.02","37.54M","-0.64%"
"02/17/2021","34.41","34.04","34.56","33.79","46.10M","0.41%"
"02/16/2021","34.27","33.98","34.56","33.70","52.80M","2.70%"
"02/12/2021","33.37","33.00","33.45","32.91","37.47M","1.49%"
"02/11/2021","32.88","32.97","33.31","32.55","29.48M","-0.30%"
"02/10/2021","32.98","33.12","33.42","32.86","45.03M","0.09%"
"02/09/2021","32.95","32.97","33.02","32.58","35.87M","-0.42%"
"02/08/2021","33.09","32.43","33.28","32.40","46.01M","2.22%"
"02/05/2021","32.37","32.89","32.90","32.32","42.01M","-0.40%"
"02/04/2021","32.50","31.80","32.53","31.78","51.75M","2.91%"
"02/03/2021","31.58","30.91","31.73","30.88","49.40M","1.77%"
"02/02/2021","31.03","30.58","31.20","30.54","53.53M","3.57%"
"02/01/2021","29.96","29.87","30.04","29.57","40.99M","1.05%"
"01/29/2021","29.65","30.40","30.50","29.59","64.02M","-2.21%"
"01/28/2021","30.32","30.42","30.75","29.92","51.22M","1.64%"
"01/27/2021","29.83","30.31","30.43","29.67","63.81M","-3.59%"
"01/26/2021","30.94","31.40","31.43","30.91","36.37M","-0.71%"
"01/25/2021","31.16","31.27","31.30","30.57","48.08M","-1.24%"
"01/22/2021","31.55","31.36","31.75","31.25","45.31M","-0.69%"
"01/21/2021","31.77","32.34","32.48","31.73","49.68M","-1.76%"
"01/20/2021","32.34","32.76","32.79","32.15","53.92M","-1.31%"
"01/19/2021","32.77","32.50","33.60","32.20","78.13M","-0.73%"
"01/15/2021","33.01","33.29","33.63","32.70","57.68M","-2.88%"
"01/14/2021","33.99","33.48","34.37","33.42","48.48M","1.58%"
"01/13/2021","33.46","33.43","33.68","33.09","43.17M","-0.59%"
"01/12/2021","33.66","33.42","33.97","33.20","68.17M","1.78%"
"01/11/2021","33.07","32.09","33.13","31.90","51.90M","1.66%"
"01/08/2021","32.53","32.92","33.00","32.11","44.64M","-1.00%"
"01/07/2021","32.86","33.31","33.62","32.84","74.36M","2.21%"
"01/06/2021","32.15","31.90","32.62","31.35","107.00M","6.25%"
"01/05/2021","30.26","30.17","30.54","29.91","48.51M","0.77%"
"01/04/2021","30.03","30.46","30.57","29.75","51.48M","-0.92%"
"12/31/2020","30.31","30.01","30.39","29.90","28.72M","1.10%"
"12/30/2020","29.98","30.00","30.22","29.94","26.37M","-0.10%"
"12/29/2020","30.01","30.17","30.25","29.93","33.29M","-0.40%"
"12/28/2020","30.13","30.23","30.55","29.99","32.86M","0.57%"
"12/24/2020","29.96","30.27","30.27","29.74","22.63M","-0.30%"
"12/23/2020","30.05","29.39","30.35","29.33","52.54M","2.88%"
"12/22/2020","29.21","29.78","29.78","29.17","39.14M","-1.78%"
"12/21/2020","29.74","29.10","29.99","28.73","93.40M","3.73%"
"12/18/2020","28.67","28.89","29.10","28.57","82.82M","-0.55%"
"12/17/2020","28.83","28.71","28.92","28.53","43.18M","0.38%"
"12/16/2020","28.72","28.80","28.82","28.44","42.46M","0.28%"
"12/15/2020","28.64","28.35","28.82","28.25","43.72M","1.49%"
"12/14/2020","28.22","28.92","28.96","28.14","40.27M","-1.23%"
"12/11/2020","28.57","28.68","28.75","28.30","40.54M","-1.86%"
"12/10/2020","29.11","28.63","29.13","28.47","58.86M","1.08%"
"12/09/2020","28.80","29.25","29.25","28.75","54.89M","-0.45%"
"12/08/2020","28.93","28.86","29.15","28.77","33.87M","-0.55%"
"12/07/2020","29.09","28.90","29.15","28.68","42.20M","-0.68%"
"12/04/2020","29.29","29.20","29.42","29.00","66.19M","1.31%"
"12/03/2020","28.91","28.94","29.10","28.63","54.01M","-0.52%"
"12/02/2020","29.06","28.69","29.18","28.53","45.26M","1.29%"
"12/01/2020","28.69","28.74","29.04","28.67","50.31M","1.88%"
"11/30/2020","28.16","28.72","28.86","28.10","63.57M","-2.86%"
"11/27/2020","28.99","28.97","29.10","28.81","25.97M","-0.14%"
"11/25/2020","29.03","28.71","29.04","28.48","57.25M","0.17%"
"11/24/2020","28.98","27.93","28.99","27.92","80.39M","5.81%"
"11/23/2020","27.39","27.11","27.52","27.06","45.42M","2.16%"
"11/20/2020","26.81","26.74","26.95","26.63","40.54M","-0.63%"
"11/19/2020","26.98","26.93","27.01","26.65","46.42M","0.00%"
"11/18/2020","26.98","27.63","27.93","26.96","54.42M","-2.07%"
"11/17/2020","27.55","27.25","27.60","27.01","46.40M","-0.11%"
"11/16/2020","27.58","27.86","28.00","27.18","57.40M","2.15%"
"11/13/2020","27.00","26.88","27.21","26.75","52.45M","1.16%"
"11/12/2020","26.69","26.84","26.90","26.31","67.96M","-2.38%"
"11/11/2020","27.34","27.75","27.77","27.12","48.36M","-1.16%"
"11/10/2020","27.66","27.49","27.76","27.18","77.69M","-0.36%"
"11/09/2020","27.76","26.60","28.27","26.30","178.38M","14.19%"
"11/06/2020","24.31","24.93","24.96","24.23","55.45M","-1.22%"
"11/05/2020","24.61","23.90","24.79","23.85","74.72M","3.93%"
"11/04/2020","23.68","23.89","24.14","23.26","88.85M","-4.09%"
"11/03/2020","24.69","24.58","24.94","24.51","65.11M","2.53%"
"11/02/2020","24.08","23.89","24.26","23.47","59.76M","1.60%"
"10/30/2020","23.70","23.49","23.84","23.24","66.50M","0.68%"
"10/29/2020","23.54","23.36","23.75","23.12","57.49M","0.30%"
"10/28/2020","23.47","23.41","23.66","23.12","81.94M","-1.59%"
"10/27/2020","23.85","24.29","24.39","23.81","55.01M","-2.81%"
"10/26/2020","24.54","24.47","24.58","24.15","59.45M","-1.45%"
"10/23/2020","24.90","25.24","25.26","24.71","51.01M","0.12%"
"10/22/2020","24.87","24.05","24.91","24.00","55.40M","3.41%"
"10/21/2020","24.05","24.22","24.34","24.01","41.56M","-0.37%"
"10/20/2020","24.14","23.89","24.48","23.88","62.48M","1.77%"
"10/19/2020","23.72","24.30","24.32","23.69","51.38M","-2.15%"
"10/16/2020","24.24","24.20","24.35","23.94","58.36M","0.37%"
"10/15/2020","24.15","23.59","24.20","23.48","66.83M","2.24%"
"10/14/2020","23.62","24.35","24.59","23.59","127.56M","-5.33%"
"10/13/2020","24.95","25.64","25.68","24.84","61.19M","-2.84%"
"10/12/2020","25.68","25.30","25.83","25.24","48.36M","1.26%"
"10/09/2020","25.36","25.34","25.49","25.04","44.51M","0.48%"
"10/08/2020","25.24","24.95","25.30","24.81","52.08M","1.45%"
"10/07/2020","24.88","24.63","25.11","24.60","47.65M","2.09%"
"10/06/2020","24.37","24.92","25.19","24.28","67.54M","-1.02%"
"10/05/2020","24.62","24.52","24.71","24.38","44.40M","1.69%"
"10/02/2020","24.21","23.64","24.43","23.57","51.68M","0.46%"
"10/01/2020","24.10","24.27","24.41","23.86","44.78M","0.04%"
"09/30/2020","24.09","23.78","24.32","23.77","56.23M","1.35%"
"09/29/2020","23.77","23.98","23.99","23.52","45.72M","-1.33%"
"09/28/2020","24.09","23.88","24.31","23.79","48.00M","2.55%"
"09/25/2020","23.49","23.28","23.55","23.13","42.11M","0.64%"
"09/24/2020","23.34","23.38","23.82","22.95","53.57M","0.34%"
"09/23/2020","23.26","24.10","24.26","23.26","59.95M","-2.84%"
"09/22/2020","23.94","24.27","24.59","23.81","68.67M","-2.17%"
"09/21/2020","24.47","24.57","24.78","24.03","75.22M","-2.94%"
"09/18/2020","25.21","25.15","25.58","25.10","94.06M","-0.55%"
"09/17/2020","25.35","25.13","25.48","25.10","48.86M","-0.98%"
"09/16/2020","25.60","25.28","25.91","25.05","64.62M","1.27%"
"09/15/2020","25.28","25.77","25.83","25.19","63.82M","-1.83%"
"09/14/2020","25.75","25.67","25.99","25.54","47.80M","0.98%"
"09/11/2020","25.50","25.22","25.58","25.09","47.71M","1.43%"
"09/10/2020","25.14","25.70","25.89","25.08","56.61M","-1.45%"
"09/09/2020","25.51","25.64","25.72","25.23","53.82M","0.12%"
"09/08/2020","25.48","26.14","26.32","25.39","74.98M","-3.99%"
"09/04/2020","26.54","26.26","26.76","25.80","99.62M","3.43%"
"09/03/2020","25.66","26.20","26.62","25.46","86.19M","-1.38%"
"09/02/2020","26.02","25.53","26.16","25.49","57.30M","1.21%"
"09/01/2020","25.71","25.58","25.90","25.40","46.15M","-0.12%"
"08/31/2020","25.74","26.09","26.14","25.69","49.42M","-2.13%"
"08/28/2020","26.30","26.40","26.47","25.99","46.47M","0.96%"
"08/27/2020","26.05","25.49","26.22","25.44","52.93M","1.92%"
"08/26/2020","25.56","25.94","25.94","25.54","39.48M","-1.69%"
"08/25/2020","26.00","26.04","26.19","25.73","57.30M","1.21%"
"08/24/2020","25.69","25.22","25.70","25.04","54.58M","2.84%"
"08/21/2020","24.98","24.98","25.43","24.90","55.01M","-0.48%"
"08/20/2020","25.10","25.16","25.33","25.02","49.40M","-1.57%"
"08/19/2020","25.50","25.66","26.08","25.39","59.86M","-0.12%"
"08/18/2020","25.53","25.87","25.99","25.46","45.85M","-1.43%"
"08/17/2020","25.90","26.31","26.41","25.84","57.52M","-2.15%"
"08/14/2020","26.47","26.06","26.66","25.92","50.93M","0.46%"
"08/13/2020","26.35","26.49","26.67","26.14","55.96M","-1.42%"
"08/12/2020","26.73","27.48","27.57","26.41","62.02M","-0.71%"
"08/11/2020","26.92","27.28","27.75","26.78","81.44M","1.36%"
"08/10/2020","26.56","26.31","26.81","26.21","64.05M","1.72%"
"08/07/2020","26.11","25.34","26.19","25.26","63.35M","2.51%"
"08/06/2020","25.47","25.45","25.67","25.28","52.00M","0.32%"
"08/05/2020","25.39","25.32","25.59","25.25","51.70M","1.52%"
"08/04/2020","25.01","24.96","25.06","24.86","37.99M","0.08%"
"08/03/2020","24.99","25.03","25.31","24.69","58.28M","0.44%"
"07/31/2020","24.88","24.93","24.95","24.46","62.04M","0.16%"
"07/30/2020","24.84","24.72","24.95","24.34","61.76M","-1.70%"
"07/29/2020","25.27","24.36","25.29","24.19","71.39M","3.74%"
"07/28/2020","24.36","24.13","24.56","24.08","48.41M","0.91%"
"07/27/2020","24.14","24.22","24.27","23.88","54.72M","-0.86%"
"07/24/2020","24.35","24.56","24.83","24.27","50.22M","-0.77%"
"07/23/2020","24.54","24.52","24.64","24.11","61.05M","0.95%"
"07/22/2020","24.31","24.24","24.33","23.97","52.19M","-0.45%"
"07/21/2020","24.42","23.71","24.48","23.69","75.55M","3.56%"
"07/20/2020","23.58","23.19","23.70","23.11","61.11M","1.55%"
"07/17/2020","23.22","23.88","23.98","23.20","66.92M","-2.97%"
"07/16/2020","23.93","23.75","24.22","23.54","78.07M","-2.72%"
"07/15/2020","24.60","24.76","24.87","24.28","57.38M","1.91%"
"07/14/2020","24.14","23.89","24.15","23.45","67.42M","-0.21%"
"07/13/2020","24.19","24.37","24.51","23.85","73.60M","0.71%"
"07/10/2020","24.02","22.71","24.05","22.68","81.14M","5.49%"
"07/09/2020","22.77","22.94","23.16","22.39","79.39M","-1.43%"
"07/08/2020","23.10","23.03","23.19","22.70","52.92M","0.39%"
"07/07/2020","23.01","23.38","23.39","22.90","60.65M","-2.75%"
"07/06/2020","23.66","23.82","24.08","23.46","59.59M","1.59%"
"07/02/2020","23.29","23.84","23.99","23.22","56.00M","0.13%"
"07/01/2020","23.26","24.03","24.07","23.23","57.38M","-2.06%"
"06/30/2020","23.75","23.20","23.91","23.10","61.72M","1.54%"
"06/29/2020","23.39","23.41","23.83","23.10","66.27M","1.04%"
"06/26/2020","23.15","24.09","24.11","23.02","118.14M","-6.35%"
"06/25/2020","24.72","23.70","24.77","23.55","65.03M","3.82%"
"06/24/2020","23.81","24.54","24.54","23.68","75.44M","-3.95%"
"06/23/2020","24.79","25.01","25.41","24.76","46.11M","0.69%"
"06/22/2020","24.62","24.89","25.02","24.61","55.48M","-2.50%"
"06/19/2020","25.25","25.44","25.49","24.49","127.56M","0.84%"
"06/18/2020","25.04","24.70","25.49","24.58","53.42M","0.16%"
"06/17/2020","25.00","25.90","25.90","24.92","58.35M","-3.10%"
"06/16/2020","25.80","26.18","26.24","24.86","96.80M","2.58%"
"06/15/2020","25.15","23.76","25.17","23.69","76.54M","1.49%"
"06/12/2020","24.78","25.03","25.05","24.04","73.73M","3.55%"
"06/11/2020","23.93","24.98","25.69","23.68","149.88M","-10.04%"
"06/10/2020","26.60","27.97","28.10","26.51","90.42M","-5.74%"
"06/09/2020","28.22","27.72","28.54","27.55","77.77M","-1.12%"
"06/08/2020","28.54","28.59","28.90","28.14","79.60M","1.53%"
"06/05/2020","28.11","28.95","29.01","27.88","118.77M","4.97%"
"06/04/2020","26.78","25.71","26.83","25.57","94.55M","3.04%"
"06/03/2020","25.99","25.50","26.14","25.39","86.74M","4.63%"
"06/02/2020","24.84","24.96","25.39","24.56","71.12M","0.93%"
"06/01/2020","24.61","24.28","24.87","24.05","58.47M","2.03%"
"05/29/2020","24.12","24.42","24.91","24.06","113.92M","-2.98%"
"05/28/2020","24.86","26.08","26.14","24.79","84.44M","-4.31%"
"05/27/2020","25.98","26.07","26.17","24.97","117.67M","7.00%"
"05/26/2020","24.28","23.75","24.60","23.67","119.49M","7.15%"
"05/22/2020","22.66","22.93","22.95","22.46","48.11M","-1.05%"
"05/21/2020","22.90","22.81","23.27","22.78","57.73M","-0.04%"
"05/20/2020","22.91","22.68","23.00","22.64","59.79M","3.15%"
"05/19/2020","22.21","22.66","23.00","22.18","62.18M","-3.14%"
"05/18/2020","22.93","22.42","23.06","22.07","86.70M","6.95%"
"05/15/2020","21.44","21.40","21.70","21.23","64.48M","-1.24%"
"05/14/2020","21.71","20.29","21.79","20.10","88.36M","4.02%"
"05/13/2020","20.87","21.66","21.75","20.72","112.11M","-4.57%"
"05/12/2020","21.87","22.71","22.82","21.85","69.59M","-3.14%"
"05/11/2020","22.58","23.11","23.12","22.56","68.95M","-4.20%"
"05/08/2020","23.57","23.47","23.62","23.25","45.25M","3.20%"
"05/07/2020","22.84","22.66","23.37","22.61","51.88M","2.19%"
"05/06/2020","22.35","23.00","23.08","22.23","53.87M","-1.37%"
"05/05/2020","22.66","23.48","23.52","22.62","45.69M","-1.18%"
"05/04/2020","22.93","22.70","22.99","22.43","45.89M","-0.65%"
"05/01/2020","23.08","23.38","23.46","22.81","51.77M","-4.03%"
"04/30/2020","24.05","24.21","24.38","23.85","55.24M","-2.95%"
"04/29/2020","24.78","24.91","25.11","24.51","73.49M","3.73%"
"04/28/2020","23.89","24.45","24.81","23.84","65.50M","1.79%"
"04/27/2020","23.47","22.52","23.65","22.45","66.92M","5.82%"
"04/24/2020","22.18","22.11","22.30","21.67","47.68M","1.42%"
"04/23/2020","21.87","21.96","22.39","21.85","50.61M","0.32%"
"04/22/2020","21.80","22.16","22.23","21.75","49.76M","0.74%"
"04/21/2020","21.64","21.90","22.36","21.50","78.87M","-3.82%"
"04/20/2020","22.50","22.57","23.13","22.18","74.45M","-3.35%"
"04/17/2020","23.28","22.34","23.40","22.31","92.80M","8.68%"
"04/16/2020","21.42","22.15","22.21","21.09","89.21M","-3.47%"
"04/15/2020","22.19","22.16","22.65","21.91","99.08M","-6.49%"
"04/14/2020","23.73","24.50","24.65","23.10","88.99M","-0.79%"
"04/13/2020","23.92","24.78","24.85","23.78","83.16M","-3.78%"
"04/09/2020","24.86","24.07","25.32","24.05","125.41M","6.01%"
"04/08/2020","23.45","22.41","23.60","22.41","81.21M","5.92%"
"04/07/2020","22.14","22.80","22.88","21.85","94.56M","3.51%"
"04/06/2020","21.39","21.03","21.60","20.81","97.77M","6.79%"
"04/03/2020","20.03","20.40","20.74","19.68","68.29M","-2.63%"
"04/02/2020","20.57","19.65","20.79","19.59","70.01M","4.05%"
"04/01/2020","19.77","19.93","20.35","19.51","83.96M","-6.88%"
"03/31/2020","21.23","21.82","22.49","20.96","95.21M","-3.68%"
"03/30/2020","22.04","21.65","22.35","21.27","80.45M","2.04%"
"03/27/2020","21.60","21.68","22.20","21.10","91.52M","-4.93%"
"03/26/2020","22.72","21.31","22.95","21.17","116.27M","7.68%"
"03/25/2020","21.10","21.71","22.10","20.41","146.99M","0.33%"
"03/24/2020","21.03","19.42","21.15","19.01","147.88M","16.32%"
"03/23/2020","18.08","19.26","19.67","17.95","181.90M","-8.08%"
"03/20/2020","19.67","21.76","21.84","19.56","150.91M","-7.22%"
"03/19/2020","21.20","20.26","21.75","19.00","122.46M","1.97%"
"03/18/2020","20.79","20.27","20.97","19.70","148.27M","-5.41%"
"03/17/2020","21.98","21.06","22.68","20.03","120.07M","7.53%"
"03/16/2020","20.44","19.85","21.73","19.58","121.69M","-15.40%"
"03/13/2020","24.16","22.19","24.25","21.48","128.36M","17.80%"
"03/12/2020","20.51","20.59","22.87","20.15","139.55M","-9.53%"
"03/11/2020","22.67","22.84","23.96","22.26","127.54M","-3.98%"
"03/10/2020","23.61","23.25","23.68","21.59","134.86M","7.66%"
"03/09/2020","21.93","22.23","23.49","21.51","145.20M","-14.70%"
"03/06/2020","25.71","25.47","26.21","25.10","119.12M","-4.00%"
"03/05/2020","26.78","27.24","27.35","26.40","110.88M","-5.67%"
"03/04/2020","28.39","28.25","28.42","27.39","111.24M","2.31%"
"03/03/2020","27.75","29.37","29.75","27.62","138.70M","-5.52%"
"03/02/2020","29.37","28.35","29.38","27.44","147.78M","3.05%"
"02/28/2020","28.50","28.00","28.75","27.70","171.26M","-2.16%"
"02/27/2020","29.13","29.55","30.30","28.91","121.15M","-4.90%"
"02/26/2020","30.63","31.39","31.60","30.56","80.07M","-1.45%"
"02/25/2020","31.08","32.69","32.76","30.84","91.59M","-5.04%"
"02/24/2020","32.73","33.18","33.21","32.52","79.16M","-4.74%"
"02/21/2020","34.36","34.53","34.63","34.13","46.68M","-1.41%"
"02/20/2020","34.85","34.46","35.08","34.46","42.60M","0.37%"
"02/19/2020","34.72","34.45","34.85","34.41","29.63M","1.31%"
"02/18/2020","34.27","34.77","34.83","34.01","40.33M","-1.66%"
"02/14/2020","34.85","34.88","34.96","34.70","26.45M","-0.17%"
"02/13/2020","34.91","34.76","35.03","34.55","31.78M","-0.03%"
"02/12/2020","34.92","35.08","35.45","34.78","36.66M","0.43%"
"02/11/2020","34.77","34.85","35.04","34.76","32.48M","0.23%"
"02/10/2020","34.69","34.44","34.69","34.38","24.37M","0.23%"
"02/07/2020","34.61","34.32","34.66","34.24","31.26M","-0.17%"
"02/06/2020","34.67","34.94","35.01","34.60","39.51M","-0.12%"
"02/05/2020","34.71","34.10","34.81","34.07","54.60M","3.24%"
"02/04/2020","33.62","33.56","33.90","33.53","45.06M","1.97%"
"02/03/2020","32.97","33.00","33.40","32.91","48.51M","0.43%"
"01/31/2020","32.83","33.07","33.17","32.65","54.85M","-1.94%"
"01/30/2020","33.48","32.70","33.52","32.67","50.54M","1.42%"
"01/29/2020","33.01","33.33","33.44","32.98","37.43M","-0.69%"
"01/28/2020","33.24","33.02","33.49","32.95","38.83M","1.19%"
"01/27/2020","32.85","32.57","33.13","32.47","57.10M","-2.06%"
"01/24/2020","33.54","34.12","34.14","33.27","47.80M","-1.70%"
"01/23/2020","34.12","34.09","34.26","33.73","45.72M","-0.70%"
"01/22/2020","34.36","34.37","34.45","34.23","38.88M","0.29%"
"01/21/2020","34.26","34.42","34.52","34.22","50.81M","-1.30%"
"01/17/2020","34.71","34.92","34.95","34.60","54.16M","-0.03%"
"01/16/2020","34.72","34.90","34.99","34.60","50.37M","0.14%"
"01/15/2020","34.67","34.77","34.79","34.34","74.75M","-1.84%"
"01/14/2020","35.32","35.30","35.67","35.11","66.79M","0.74%"
"01/13/2020","35.06","34.84","35.07","34.66","38.02M","0.92%"
"01/10/2020","34.74","35.00","35.07","34.66","39.74M","-0.83%"
"01/09/2020","35.03","35.30","35.33","34.94","39.88M","0.17%"
"01/08/2020","34.97","34.57","35.19","34.55","45.34M","1.01%"
"01/07/2020","34.62","34.70","34.92","34.53","34.35M","-0.66%"
"01/06/2020","34.85","34.41","34.90","34.37","42.23M","-0.14%"
"01/03/2020","34.90","34.98","35.15","34.76","50.76M","-2.08%"
"01/02/2020","35.64","35.35","35.66","35.29","37.64M","1.19%"