Date,Price,Open,High,Low,Vol.,Change %
01/01/2019,139.15,131.29,139.78,130.06,245.68K,5.98%
01/02/2019,152.05,139.11,155.06,137.94,302.33K,9.28%
01/03/2019,146.04,152.05,153.49,143.48,226.68K,-3.96%
01/04/2019,152.1,146.17,154.57,144.31,249.08K,4.15%
01/05/2019,152.85,152.05,159.00,151.98,274.10K,0.50%
01/06/2019,153.98,152.86,157.37,147.97,395.98K,0.74%
01/07/2019,149.38,153.98,155.24,148.01,325.88K,-2.99%
01/08/2019,147.4,149.43,151.41,145.68,309.20K,-1.33%
01/09/2019,148.11,147.46,151.43,146.92,287.63K,0.48%
01/10/2019,124.97,148.11,149.18,121.16,430.25K,-15.62%
01/11/2019,124.63,124.92,127.26,120.50,388.90K,-0.28%
01/12/2019,123.39,124.61,125.72,122.15,328.97K,-0.99%
01/13/2019,114.13,123.37,123.63,112.13,361.83K,-7.50%
01/14/2019,127.05,114.11,129.30,114.08,435.34K,11.32%
01/15/2019,119.19,127.03,129.02,116.17,501.18K,-6.18%
01/16/2019,121.43,119.11,126.41,118.58,438.02K,1.87%
01/17/2019,121.6,121.63,122.78,117.33,452.69K,0.14%
01/18/2019,119.01,121.60,121.82,117.64,443.17K,-2.13%
01/19/2019,122.61,119.01,125.00,119.01,456.86K,3.02%
01/20/2019,117.34,122.61,123.23,115.99,492.57K,-4.29%
01/21/2019,115.73,117.37,117.93,113.88,431.30K,-1.38%
01/22/2019,117.87,115.75,119.27,111.49,392.17K,1.85%
01/23/2019,116.33,117.90,118.57,115.00,413.81K,-1.31%
01/24/2019,116.24,116.33,116.96,114.13,474.27K,-0.08%
01/25/2019,115.14,116.27,117.22,114.69,430.99K,-0.95%
01/26/2019,115.51,115.21,117.44,115.06,375.04K,0.32%
01/27/2019,112.17,115.51,115.80,111.57,536.71K,-2.90%
01/28/2019,105.47,112.17,112.82,101.09,644.16K,-5.97%
01/29/2019,104.58,105.39,106.45,102.44,475.20K,-0.84%
01/30/2019,108.35,104.55,109.59,103.60,569.87K,3.61%
01/31/2019,106.3,108.35,110.47,105.60,453.65K,-1.89%
02/01/2019,106.76,106.39,108.31,103.88,441.48K,0.43%
02/02/2019,110.47,106.76,110.95,106.17,387.05K,3.47%
02/03/2019,107.38,110.49,111.08,105.97,425.16K,-2.79%
02/04/2019,107.73,107.43,109.12,106.62,532.20K,0.33%
02/05/2019,107.2,107.73,108.09,106.60,413.72K,-0.50%
02/06/2019,104.6,107.19,107.54,101.55,504.35K,-2.42%
02/07/2019,104.42,104.57,106.00,104.05,454.76K,-0.18%
02/08/2019,119.2,104.38,122.74,103.63,578.96K,14.16%
02/09/2019,119.28,119.20,121.02,117.71,499.47K,0.06%
02/10/2019,124.99,119.15,125.73,115.93,463.14K,4.79%
02/11/2019,120.87,124.99,125.10,119.34,526.97K,-3.30%
02/12/2019,122.41,120.87,123.65,118.62,618.13K,1.28%
02/13/2019,121.98,122.24,126.29,120.81,598.19K,-0.35%
02/14/2019,120.4,121.98,124.31,120.34,460.91K,-1.29%
02/15/2019,121.66,120.40,123.90,120.33,632.73K,1.04%
02/16/2019,122.66,121.65,124.50,121.62,564.11K,0.83%
02/17/2019,133.85,122.66,135.47,122.61,462.02K,9.13%
02/18/2019,144.93,133.85,146.00,132.61,357.74K,8.28%
02/19/2019,143.66,144.93,148.13,143.24,726.07K,-0.88%
02/20/2019,148.93,143.29,149.21,140.33,633.17K,3.67%
02/21/2019,145.47,148.47,149.27,143.00,454.87K,-2.32%
02/22/2019,147.54,145.68,148.34,143.91,346.73K,1.43%
02/23/2019,157.51,147.52,159.39,145.87,375.62K,6.75%
02/24/2019,132.24,157.79,165.64,132.03,733.18K,-16.04%
02/25/2019,137.77,132.31,141.35,132.14,663.90K,4.18%
02/26/2019,136.33,137.81,138.41,134.09,447.58K,-1.04%
02/27/2019,135.0,136.43,139.87,127.65,588.13K,-0.98%
02/28/2019,135.34,135.01,138.05,132.86,649.08K,0.25%
03/01/2019,135.31,135.36,137.88,135.00,803.72K,-0.02%
03/02/2019,132.54,135.32,135.98,130.32,869.32K,-2.05%
03/03/2019,130.45,132.54,134.58,128.65,786.86K,-1.58%
03/04/2019,125.76,130.44,130.95,122.85,943.18K,-3.59%
03/05/2019,136.59,125.75,137.86,125.14,1.04M,8.61%
03/06/2019,137.42,136.60,140.18,133.65,1.06M,0.61%
03/07/2019,136.26,137.39,139.52,135.29,783.76K,-0.85%
03/08/2019,133.57,136.62,139.17,131.04,780.32K,-1.97%
03/09/2019,137.17,133.61,138.47,132.84,877.80K,2.69%
03/10/2019,135.36,137.17,137.43,134.11,732.66K,-1.32%
03/11/2019,132.61,135.36,136.12,131.19,804.77K,-2.03%
03/12/2019,133.52,132.62,134.94,128.66,685.12K,0.69%
03/13/2019,131.72,133.53,133.57,130.81,896.26K,-1.34%
03/14/2019,132.16,131.70,134.94,129.98,777.86K,0.33%
03/15/2019,136.6,132.19,137.56,132.19,709.70K,3.36%
03/16/2019,140.94,136.61,144.06,136.61,921.38K,3.18%
03/17/2019,138.71,140.94,140.96,137.38,761.99K,-1.58%
03/18/2019,137.63,138.70,141.91,136.65,794.48K,-0.78%
03/19/2019,138.6,137.60,139.33,137.01,1.28M,0.71%
03/20/2019,139.02,138.56,139.57,136.25,1.01M,0.30%
03/21/2019,134.84,139.04,139.52,132.44,936.99K,-3.01%
03/22/2019,136.04,134.88,137.20,134.30,881.18K,0.90%
03/23/2019,137.28,136.01,138.20,135.62,778.35K,0.91%
03/24/2019,136.14,137.27,137.27,135.13,920.36K,-0.83%
03/25/2019,133.93,136.14,136.83,131.74,862.35K,-1.62%
03/26/2019,134.12,133.95,134.71,132.32,799.43K,0.14%
03/27/2019,139.42,134.16,139.50,133.83,802.07K,3.95%
03/28/2019,137.86,139.19,139.32,137.30,730.16K,-1.12%
03/29/2019,143.13,137.82,143.34,137.34,761.94K,3.82%
03/30/2019,141.69,142.51,145.63,138.74,861.28K,-1.00%
03/31/2019,141.4,141.72,142.34,139.07,849.62K,-0.21%
04/01/2019,141.26,141.40,143.02,139.80,1.05M,-0.10%
04/02/2019,163.42,141.24,163.84,141.02,833.97K,15.69%
04/03/2019,159.88,163.24,177.48,150.40,813.19K,-2.17%
04/04/2019,157.32,159.87,163.81,152.81,1.34M,-1.60%
04/05/2019,164.85,157.35,167.48,156.21,932.78K,4.79%
04/06/2019,165.48,164.83,172.60,159.85,765.53K,0.38%
04/07/2019,174.15,165.48,175.37,164.08,1.00M,5.24%
04/08/2019,178.75,174.16,185.53,171.16,756.53K,2.64%
04/09/2019,174.59,178.71,178.87,172.01,565.42K,-2.33%
04/10/2019,176.95,174.54,183.10,170.43,485.63K,1.35%
04/11/2019,164.0,177.10,177.35,158.70,949.31K,-7.32%
04/12/2019,163.15,164.00,166.23,158.31,534.09K,-0.52%
04/13/2019,163.05,163.10,165.10,160.00,487.11K,-0.06%
04/14/2019,167.04,162.99,167.99,161.23,440.70K,2.45%
04/15/2019,160.01,167.05,168.42,155.86,935.05K,-4.21%
04/16/2019,165.45,159.95,166.57,159.45,795.94K,3.40%
04/17/2019,165.76,165.45,167.07,163.16,385.64K,0.19%
04/18/2019,173.26,165.76,175.04,165.15,600.34K,4.52%
04/19/2019,172.62,173.30,173.43,168.77,552.11K,-0.37%
04/20/2019,172.85,172.64,176.62,170.01,600.75K,0.13%
04/21/2019,168.69,172.88,173.43,165.01,695.88K,-2.41%
04/22/2019,170.52,168.59,172.04,167.04,737.97K,1.09%
04/23/2019,169.33,170.54,175.57,168.21,694.24K,-0.70%
04/24/2019,164.85,169.19,169.83,159.31,856.92K,-2.65%
04/25/2019,154.73,164.82,165.47,150.50,723.92K,-6.14%
04/26/2019,157.95,154.76,162.14,151.46,851.22K,2.08%
04/27/2019,159.27,157.96,162.06,156.45,644.92K,0.83%
04/28/2019,157.86,159.31,160.20,157.21,680.49K,-0.89%
04/29/2019,155.02,157.87,159.00,152.62,690.50K,-1.80%
04/30/2019,161.76,155.02,162.71,155.00,573.80K,4.34%
05/01/2019,160.26,161.78,163.75,158.51,655.09K,-0.93%
05/02/2019,161.85,160.20,163.35,158.68,740.00K,0.99%
05/03/2019,168.06,161.80,170.18,161.03,784.20K,3.84%
05/04/2019,163.7,168.09,171.13,160.12,831.14K,-2.59%
05/05/2019,163.0,163.76,165.32,159.36,597.58K,-0.43%
05/06/2019,172.98,163.00,177.80,159.39,799.96K,6.12%
05/07/2019,168.93,172.95,182.68,168.42,894.57K,-2.34%
05/08/2019,170.81,168.91,172.82,164.91,469.94K,1.11%
05/09/2019,170.91,170.81,173.49,166.78,610.57K,0.06%
05/10/2019,172.88,170.96,176.00,168.55,740.01K,1.15%
05/11/2019,193.0,172.85,204.99,172.85,800.34K,11.64%
05/12/2019,188.14,192.30,202.66,182.85,834.80K,-2.52%
05/13/2019,196.18,188.14,207.18,185.71,723.45K,4.28%
05/14/2019,217.67,196.21,220.59,195.30,498.05K,10.95%
05/15/2019,248.13,217.61,249.99,217.61,357.37K,13.99%
05/16/2019,264.65,248.19,278.57,242.46,599.15K,6.66%
05/17/2019,244.14,264.24,268.44,224.20,569.29K,-7.75%
05/18/2019,240.62,244.25,247.76,230.94,469.70K,-1.44%
05/19/2019,240.62,240.62,240.62,240.62,,0.00%
05/20/2019,246.24,237.36,249.41,237.36,1.40K,2.34%
05/21/2019,253.63,246.24,267.00,246.24,1.69K,3.00%
05/22/2019,245.93,253.60,259.96,241.76,162.07K,-3.04%
05/23/2019,244.49,245.93,252.00,231.49,2.14M,-0.58%
05/24/2019,248.63,244.47,253.19,236.20,160.35K,1.69%
05/25/2019,250.16,248.63,256.68,247.00,74.50K,0.62%
05/26/2019,264.4,250.10,268.99,245.40,84.34K,5.69%
05/27/2019,270.88,264.31,279.64,262.65,100.14K,2.45%
05/28/2019,271.3,270.82,275.79,265.10,70.42K,0.16%
05/29/2019,268.86,271.30,274.08,260.53,64.53K,-0.90%
05/30/2019,254.63,268.89,287.97,241.14,79.14K,-5.29%
05/31/2019,268.01,254.51,268.71,245.88,112.62K,5.26%
06/01/2019,264.36,267.90,275.60,260.94,57.56K,-1.36%
06/02/2019,268.89,264.26,273.00,263.45,58.50K,1.71%
06/03/2019,251.75,268.89,269.98,248.17,167.51K,-6.38%
06/04/2019,241.72,251.75,251.75,234.84,29.80K,-3.98%
06/05/2019,245.82,241.42,248.56,237.65,32.16K,1.70%
06/06/2019,249.52,245.80,250.08,236.27,17.32K,1.50%
06/07/2019,248.89,249.52,253.12,244.13,13.98K,-0.25%
06/08/2019,243.34,248.86,250.42,240.98,7.64K,-2.23%
06/09/2019,231.51,243.33,244.45,226.79,9.93K,-4.86%
06/10/2019,245.93,231.50,248.26,227.26,7.58K,6.23%
06/11/2019,244.28,245.93,247.52,236.95,31.24K,-0.67%
06/12/2019,260.94,244.28,260.94,242.69,56.28K,6.82%
06/13/2019,254.8,260.45,262.00,253.88,37.27K,-2.35%
06/14/2019,262.33,254.80,264.27,252.11,84.08K,2.96%
06/15/2019,267.79,262.54,271.78,260.73,66.32K,2.08%
06/16/2019,267.83,267.83,276.72,263.53,73.06K,0.01%
06/17/2019,273.0,267.75,274.52,266.77,83.86K,1.93%
06/18/2019,264.72,273.05,273.49,261.99,86.05K,-3.03%
06/19/2019,268.19,264.73,269.50,263.75,95.61K,1.31%
06/20/2019,271.32,268.16,273.48,265.81,204.87K,1.17%
06/21/2019,294.63,271.32,295.98,271.32,311.61K,8.59%
06/22/2019,310.77,294.79,314.11,292.47,351.76K,5.48%
06/23/2019,308.65,310.92,321.48,306.01,185.56K,-0.68%
06/24/2019,311.75,308.65,314.19,297.71,401.46K,1.01%
06/25/2019,318.13,311.77,318.89,307.91,396.91K,2.05%
06/26/2019,339.69,318.13,366.16,316.01,554.93K,6.78%
06/27/2019,298.8,339.69,346.67,280.18,713.98K,-12.04%
06/28/2019,311.43,298.77,313.45,295.60,652.48K,4.23%
06/29/2019,317.77,311.14,324.49,295.63,507.95K,2.03%
06/30/2019,291.91,317.77,323.49,289.56,592.58K,-8.14%
07/01/2019,295.15,292.73,303.36,280.39,605.30K,1.11%
07/02/2019,291.58,294.94,297.50,272.89,608.60K,-1.21%
07/03/2019,301.26,291.62,302.62,289.48,492.52K,3.32%
07/04/2019,283.28,301.24,303.00,280.56,366.01K,-5.97%
07/05/2019,287.56,282.64,294.36,281.25,438.11K,1.51%
07/06/2019,288.17,287.40,296.47,285.33,366.10K,0.21%
07/07/2019,304.71,288.17,309.67,284.51,374.98K,5.74%
07/08/2019,312.07,304.71,313.63,301.21,346.28K,2.41%
07/09/2019,307.41,312.01,317.85,303.02,378.11K,-1.49%
07/10/2019,289.07,307.28,314.36,280.88,503.20K,-5.97%
07/11/2019,268.48,289.08,289.08,262.21,599.25K,-7.12%
07/12/2019,274.58,268.62,278.61,266.46,464.47K,2.27%
07/13/2019,268.89,274.53,275.05,262.39,485.35K,-2.07%
07/14/2019,226.1,268.89,269.63,223.46,597.75K,-15.92%
07/15/2019,228.25,225.53,235.51,202.99,839.33K,0.95%
07/16/2019,198.93,228.24,234.46,193.05,664.85K,-12.84%
07/17/2019,210.8,199.00,219.31,192.14,644.15K,5.97%
07/18/2019,225.74,210.85,229.09,206.13,543.46K,7.08%
07/19/2019,220.76,225.74,226.16,213.70,470.03K,-2.20%
07/20/2019,228.2,220.81,234.82,220.02,453.40K,3.37%
07/21/2019,225.41,228.18,229.65,217.29,440.72K,-1.22%
07/22/2019,217.48,225.45,228.12,212.76,442.71K,-3.52%
07/23/2019,212.62,217.50,219.39,208.85,488.35K,-2.23%
07/24/2019,216.32,212.46,218.25,202.17,507.77K,1.74%
07/25/2019,219.08,216.22,225.06,215.38,375.13K,1.28%
07/26/2019,218.78,219.01,219.87,212.89,370.61K,-0.14%
07/27/2019,207.48,218.77,223.20,203.61,338.42K,-5.17%
07/28/2019,211.25,207.29,213.61,199.13,345.06K,1.82%
07/29/2019,210.95,212.02,215.25,207.00,374.40K,-0.14%
07/30/2019,209.52,210.93,213.92,205.08,334.05K,-0.68%
07/31/2019,218.38,209.54,218.66,209.26,317.73K,4.23%
08/01/2019,216.88,218.39,218.82,211.14,283.45K,-0.68%
08/02/2019,217.74,216.86,222.00,214.58,262.64K,0.39%
08/03/2019,222.07,217.73,224.42,216.74,242.65K,1.99%
08/04/2019,221.79,222.07,223.07,217.14,282.94K,-0.13%
08/05/2019,233.46,221.80,236.07,221.80,327.93K,5.27%
08/06/2019,226.32,233.46,238.89,223.14,315.11K,-3.06%
08/07/2019,226.13,226.27,231.16,221.49,418.80K,-0.09%
08/08/2019,221.48,226.21,226.86,216.13,363.20K,-2.06%
08/09/2019,210.52,221.55,221.64,207.41,417.11K,-4.95%
08/10/2019,206.45,210.52,214.83,202.63,448.96K,-1.93%
08/11/2019,216.19,206.41,217.07,206.14,305.67K,4.71%
08/12/2019,211.43,216.49,216.79,210.00,448.54K,-2.20%
08/13/2019,209.28,211.53,211.67,204.45,359.39K,-1.02%
08/14/2019,187.03,209.24,209.82,183.61,479.87K,-10.63%
08/15/2019,188.13,187.13,189.93,175.05,607.94K,0.59%
08/16/2019,184.92,187.91,188.34,178.99,551.56K,-1.71%
08/17/2019,185.54,184.85,186.95,182.16,428.52K,0.34%
08/18/2019,194.34,185.54,197.71,183.38,438.48K,4.74%
08/19/2019,202.23,194.32,203.40,192.74,421.32K,4.06%
08/20/2019,196.45,202.19,202.78,194.67,399.09K,-2.85%
08/21/2019,187.52,196.49,197.05,181.19,491.94K,-4.55%
08/22/2019,190.39,187.53,195.04,182.89,548.25K,1.53%
08/23/2019,194.1,190.40,195.88,188.26,471.29K,1.95%
08/24/2019,190.72,194.10,194.10,186.24,430.99K,-1.74%
08/25/2019,186.49,190.72,192.31,183.10,402.20K,-2.21%
08/26/2019,188.63,186.65,193.58,186.12,433.92K,1.14%
08/27/2019,187.27,188.68,189.29,184.90,371.66K,-0.72%
08/28/2019,173.1,187.24,188.10,166.64,388.54K,-7.57%
08/29/2019,168.85,173.10,173.47,164.00,630.29K,-2.46%
08/30/2019,168.43,168.92,170.54,165.84,416.54K,-0.25%
08/31/2019,171.58,168.46,174.66,166.00,426.97K,1.87%
09/01/2019,170.73,171.57,173.39,167.77,341.75K,-0.50%
09/02/2019,178.09,170.77,180.70,170.12,418.33K,4.31%
09/03/2019,178.72,178.05,182.65,175.23,460.77K,0.36%
09/04/2019,174.79,178.78,180.08,173.70,480.86K,-2.20%
09/05/2019,173.74,174.71,175.51,170.21,381.89K,-0.60%
09/06/2019,169.13,173.79,177.82,165.66,455.00K,-2.66%
09/07/2019,177.53,169.10,180.68,168.33,423.08K,4.97%
09/08/2019,181.49,177.54,183.93,176.64,516.35K,2.23%
09/09/2019,180.55,181.16,185.18,176.08,521.81K,-0.52%
09/10/2019,179.91,180.49,184.24,177.10,502.71K,-0.35%
09/11/2019,178.3,179.82,182.58,174.48,451.56K,-0.89%
09/12/2019,180.77,178.32,182.35,176.62,382.80K,1.39%
09/13/2019,180.93,180.76,181.39,177.59,386.16K,0.08%
09/14/2019,188.18,180.97,188.72,179.84,373.90K,4.01%
09/15/2019,188.99,188.19,190.34,185.74,371.32K,0.43%
09/16/2019,197.32,188.98,199.23,188.32,515.96K,4.41%
09/17/2019,207.8,197.26,214.95,195.76,504.18K,5.31%
09/18/2019,210.1,207.77,216.99,207.77,569.02K,1.10%
09/19/2019,220.22,210.13,223.86,202.58,588.23K,4.82%
09/20/2019,218.04,220.26,221.47,212.45,523.35K,-0.99%
09/21/2019,215.08,218.05,221.30,213.35,477.45K,-1.36%
09/22/2019,210.93,215.03,215.55,206.19,522.31K,-1.93%
09/23/2019,201.09,211.15,211.58,199.00,524.37K,-4.67%
09/24/2019,165.69,201.27,202.89,150.00,606.95K,-17.60%
09/25/2019,170.01,165.85,174.77,162.25,731.19K,2.61%
09/26/2019,165.91,169.96,170.96,152.96,637.08K,-2.41%
09/27/2019,173.81,165.97,176.63,161.20,614.20K,4.76%
09/28/2019,173.76,173.79,175.45,168.21,595.24K,-0.03%
09/29/2019,169.24,173.66,174.49,164.48,613.44K,-2.60%
09/30/2019,180.49,169.26,180.56,165.34,644.50K,6.64%
10/01/2019,175.73,180.95,185.49,173.62,679.58K,-2.63%
10/02/2019,180.22,175.64,180.99,173.73,560.58K,2.56%
10/03/2019,174.76,180.23,180.55,169.80,528.28K,-3.03%
10/04/2019,175.51,174.77,178.78,170.89,554.31K,0.43%
10/05/2019,176.01,175.62,176.53,172.47,167.79K,0.29%
10/06/2019,170.25,176.01,176.60,167.91,1.98K,-3.27%
10/07/2019,179.69,170.25,182.13,169.02,747.41K,5.54%
10/08/2019,180.72,179.79,184.59,177.55,409.53K,0.57%
10/09/2019,192.56,180.54,195.40,179.45,540.50K,6.55%
10/10/2019,191.15,192.60,196.26,187.01,592.91K,-0.73%
10/11/2019,180.55,191.23,196.39,179.49,570.00K,-5.55%
10/12/2019,179.68,180.58,184.61,178.01,521.58K,-0.48%
10/13/2019,181.01,179.76,184.43,178.76,499.67K,0.74%
10/14/2019,186.66,180.97,187.51,180.48,504.77K,3.13%
10/15/2019,180.59,186.66,187.86,178.01,521.79K,-3.25%
10/16/2019,174.56,180.51,181.24,172.34,595.36K,-3.34%
10/17/2019,177.2,174.56,178.83,172.63,530.88K,1.52%
10/18/2019,172.82,177.19,177.36,169.00,598.87K,-2.48%
10/19/2019,171.87,172.77,174.86,169.97,471.22K,-0.54%
10/20/2019,175.08,171.86,176.29,169.34,545.96K,1.86%
10/21/2019,174.01,175.08,189.00,171.84,481.14K,-0.61%
10/22/2019,171.27,174.00,176.10,170.61,541.53K,-1.57%
10/23/2019,162.42,171.26,171.49,153.92,713.74K,-5.17%
10/24/2019,160.37,162.33,163.71,158.96,645.77K,-1.26%
10/25/2019,181.63,160.37,187.25,160.33,784.66K,13.26%
10/26/2019,179.54,181.67,196.84,173.96,967.14K,-1.15%
10/27/2019,183.71,179.45,188.56,176.28,925.03K,2.32%
10/28/2019,181.66,183.79,189.15,180.44,851.38K,-1.11%
10/29/2019,190.44,181.62,192.57,181.50,815.12K,4.83%
10/30/2019,183.12,190.41,191.70,180.40,801.99K,-3.84%
10/31/2019,182.18,183.13,190.00,177.93,782.03K,-0.52%
11/01/2019,182.81,182.16,184.44,177.49,683.90K,0.35%
11/02/2019,182.96,182.82,185.14,181.45,597.96K,0.08%
11/03/2019,181.68,182.93,184.70,179.09,609.03K,-0.70%
11/04/2019,185.72,181.68,188.21,180.38,591.28K,2.23%
11/05/2019,188.68,185.68,191.99,182.65,774.38K,1.59%
11/06/2019,191.05,188.68,194.26,187.66,747.07K,1.26%
11/07/2019,186.63,191.13,192.18,184.82,643.32K,-2.31%
11/08/2019,183.81,186.63,188.20,181.50,598.38K,-1.52%
11/09/2019,184.87,183.74,185.80,182.66,512.18K,0.58%
11/10/2019,188.93,184.85,191.59,183.33,556.71K,2.20%
11/11/2019,185.01,188.92,190.16,184.15,574.34K,-2.08%
11/12/2019,187.0,184.96,187.49,182.76,587.82K,1.08%
11/13/2019,188.08,187.03,189.45,185.16,520.20K,0.58%
11/14/2019,184.9,188.23,188.60,183.42,537.84K,-1.69%
11/15/2019,180.04,184.93,186.44,178.00,630.38K,-2.63%
11/16/2019,182.35,180.02,183.53,179.32,406.49K,1.29%
11/17/2019,183.76,182.35,186.00,180.15,354.25K,0.77%
11/18/2019,178.19,183.76,183.96,175.14,416.20K,-3.03%
11/19/2019,175.94,178.12,181.00,172.98,660.88K,-1.26%
11/20/2019,174.8,175.94,177.37,173.61,402.12K,-0.65%
11/21/2019,161.09,174.81,175.84,157.54,700.83K,-7.85%
11/22/2019,149.56,161.07,162.93,138.18,1.19M,-7.15%
11/23/2019,151.73,149.56,154.29,146.21,456.31K,1.45%
11/24/2019,139.89,151.81,152.74,138.83,741.49K,-7.81%
11/25/2019,145.58,140.02,151.40,131.53,891.25K,4.07%
11/26/2019,147.45,145.77,149.84,143.69,698.25K,1.29%
11/27/2019,152.57,147.46,155.39,141.00,822.41K,3.47%
11/28/2019,150.74,152.62,154.54,149.30,581.96K,-1.20%
11/29/2019,154.46,150.72,157.22,150.28,595.53K,2.47%
11/30/2019,151.51,154.46,155.23,149.85,463.58K,-1.90%
12/01/2019,150.79,151.35,152.35,146.01,588.80K,-0.48%
12/02/2019,148.63,150.77,151.38,146.90,446.33K,-1.43%
12/03/2019,147.16,148.64,149.77,146.00,409.80K,-0.99%
12/04/2019,145.36,147.16,151.68,143.49,661.72K,-1.22%
12/05/2019,148.09,145.39,150.54,144.01,525.94K,1.88%
12/06/2019,148.46,148.09,149.11,146.14,351.90K,0.25%
12/07/2019,147.14,148.42,149.30,146.25,312.84K,-0.88%
12/08/2019,150.42,147.14,151.55,146.37,350.31K,2.22%
12/09/2019,147.42,150.40,151.11,146.74,439.49K,-1.99%
12/10/2019,145.57,147.42,148.23,144.14,388.14K,-1.26%
12/11/2019,143.42,145.57,146.35,142.21,328.80K,-1.47%
12/12/2019,144.91,143.42,145.81,139.54,532.83K,1.04%
12/13/2019,144.75,144.91,145.23,143.10,294.73K,-0.12%
12/14/2019,141.84,144.75,145.02,141.22,309.68K,-2.01%
12/15/2019,142.46,141.82,143.90,139.94,375.94K,0.44%
12/16/2019,132.76,142.46,142.66,130.00,519.07K,-6.81%
12/17/2019,121.94,132.75,132.97,119.96,694.52K,-8.15%
12/18/2019,132.69,121.93,134.17,116.17,844.26K,8.81%
12/19/2019,128.09,132.83,133.75,125.60,534.00K,-3.46%
12/20/2019,128.15,128.12,129.33,125.98,302.54K,0.04%
12/21/2019,127.07,128.14,128.26,126.55,168.43K,-0.84%
12/22/2019,132.03,127.07,132.96,126.85,368.29K,3.91%
12/23/2019,127.91,132.12,134.83,126.20,583.05K,-3.12%
12/24/2019,127.81,127.91,129.55,126.80,348.06K,-0.08%
12/25/2019,125.14,127.81,127.81,123.55,412.99K,-2.09%
12/26/2019,125.62,125.13,132.09,124.35,462.74K,0.39%
12/27/2019,126.28,125.61,126.91,122.80,419.83K,0.52%
12/28/2019,128.12,126.25,129.64,125.85,350.99K,1.46%
12/29/2019,134.33,128.06,137.87,127.60,590.03K,4.85%
12/30/2019,131.6,134.31,136.18,130.35,542.08K,-2.03%
12/31/2019,129.17,131.60,133.55,128.28,415.51K,-1.85%
01/01/2020,130.71,129.16,132.93,128.74,332.78K,1.20%
01/02/2020,127.07,130.68,130.74,126.58,307.51K,-2.79%
01/03/2020,134.37,127.07,134.95,125.97,672.31K,5.74%
01/04/2020,134.17,134.41,135.76,132.47,368.13K,-0.14%
01/05/2020,135.42,134.19,138.15,134.19,509.94K,0.93%
01/06/2020,144.08,135.39,144.37,134.87,700.14K,6.39%
01/07/2020,142.9,144.08,145.13,138.90,626.69K,-0.82%
01/08/2020,140.7,142.90,147.67,137.20,628.03K,-1.54%
01/09/2020,137.78,140.75,141.49,135.57,479.56K,-2.08%
01/10/2020,144.84,137.78,144.93,135.50,389.48K,5.13%
01/11/2020,142.53,144.86,147.92,142.12,401.05K,-1.60%
01/12/2020,146.46,142.47,146.46,141.85,355.79K,2.75%
01/13/2020,143.51,146.46,146.88,142.39,235.34K,-2.01%
01/14/2020,166.16,143.51,170.43,143.51,887.85K,15.79%
01/15/2020,166.4,165.78,171.73,159.20,794.69K,0.14%
01/16/2020,164.25,166.37,167.37,158.78,622.60K,-1.29%
01/17/2020,169.92,164.15,174.26,162.18,619.19K,3.45%
01/18/2020,174.19,169.83,179.45,165.23,631.49K,2.51%
01/19/2020,166.97,174.19,177.94,161.79,523.26K,-4.15%
01/20/2020,166.85,166.97,169.23,161.43,347.06K,-0.07%
01/21/2020,169.45,166.89,169.99,165.12,258.22K,1.56%
01/22/2020,168.07,169.45,171.31,166.05,268.59K,-0.81%
01/23/2020,162.89,168.08,168.21,159.48,349.04K,-3.08%
01/24/2020,162.58,162.89,166.85,155.78,400.39K,-0.19%
01/25/2020,160.43,162.58,162.74,157.74,177.60K,-1.33%
01/26/2020,167.88,160.18,168.03,159.47,249.96K,4.65%
01/27/2020,170.11,167.95,172.07,165.36,386.99K,1.33%
01/28/2020,175.71,170.11,176.10,170.11,361.31K,3.29%
01/29/2020,173.79,175.64,178.41,173.51,363.43K,-1.09%
01/30/2020,184.58,173.76,186.94,171.11,488.74K,6.21%
01/31/2020,179.9,184.58,185.76,175.23,457.63K,-2.54%
02/01/2020,183.62,179.95,184.10,179.34,423.80K,2.07%
02/02/2020,188.47,183.61,193.24,179.31,626.39K,2.64%
02/03/2020,189.92,188.46,194.95,186.88,392.66K,0.77%
02/04/2020,188.89,189.68,191.61,184.79,334.34K,-0.54%
02/05/2020,203.87,188.89,207.76,188.17,539.75K,7.93%
02/06/2020,213.24,203.87,216.26,201.17,587.70K,4.60%
02/07/2020,223.39,213.24,224.65,213.24,720.44K,4.76%
02/08/2020,223.15,223.33,227.65,213.69,713.74K,-0.11%
02/09/2020,228.61,223.07,230.62,222.92,488.21K,2.45%
02/10/2020,222.9,228.60,229.29,216.74,611.32K,-2.50%
02/11/2020,236.67,222.84,238.81,218.14,607.20K,6.17%
02/12/2020,265.48,236.67,275.00,236.67,1.02M,12.17%
02/13/2020,268.41,265.75,277.65,256.44,838.04K,1.11%
02/14/2020,285.55,268.40,286.54,260.52,815.30K,6.38%
02/15/2020,264.85,285.17,288.10,261.99,682.28K,-7.25%
02/16/2020,259.55,264.97,273.84,237.67,734.45K,-2.00%
02/17/2020,267.5,259.01,268.38,242.32,890.97K,3.06%
02/18/2020,282.33,267.67,285.62,259.30,943.66K,5.54%
02/19/2020,259.7,282.63,285.36,256.13,841.28K,-8.02%
02/20/2020,257.4,259.00,264.27,245.68,1.17M,-0.88%
02/21/2020,265.08,257.04,267.95,253.84,986.51K,2.98%
02/22/2020,261.63,265.23,266.60,256.57,597.54K,-1.30%
02/23/2020,274.95,261.53,275.49,261.11,938.37K,5.09%
02/24/2020,265.51,274.66,276.99,257.88,1.12M,-3.43%
02/25/2020,247.0,265.58,266.17,245.01,1.10M,-6.97%
02/26/2020,224.03,246.56,250.20,216.22,1.47M,-9.30%
02/27/2020,227.75,223.70,238.20,210.25,1.76M,1.66%
02/28/2020,226.85,227.88,234.59,214.23,1.51M,-0.39%
02/29/2020,217.43,226.83,232.91,217.42,1.27M,-4.16%
03/01/2020,218.01,217.46,227.59,212.79,1.09M,0.27%
03/02/2020,231.95,217.17,234.32,216.15,1.24M,6.39%
03/03/2020,223.92,232.07,232.39,220.19,1.15M,-3.46%
03/04/2020,224.34,223.82,228.70,220.57,730.84K,0.19%
03/05/2020,228.45,224.29,234.00,224.29,1.12M,1.83%
03/06/2020,244.87,228.46,245.00,227.47,1.11M,7.19%
03/07/2020,237.21,244.88,251.63,236.26,1.14M,-3.13%
03/08/2020,199.34,237.23,237.23,196.94,1.58M,-15.96%
03/09/2020,202.87,199.45,208.39,190.25,1.69M,1.77%
03/10/2020,200.54,202.78,205.99,195.85,1.47M,-1.15%
03/11/2020,194.55,200.71,203.13,181.97,1.36M,-2.99%
03/12/2020,107.58,194.62,195.45,101.61,1.92M,-44.70%
03/13/2020,134.17,107.72,139.23,91.52,1.75M,24.71%
03/14/2020,122.58,134.07,134.57,121.29,1.84M,-8.63%
03/15/2020,123.75,122.51,132.87,120.52,1.24M,0.95%
03/16/2020,110.94,123.72,124.35,101.30,1.57M,-10.35%
03/17/2020,115.92,110.95,120.64,109.43,1.61M,4.49%
03/18/2020,118.1,115.74,118.30,110.06,1.61M,1.88%
03/19/2020,136.41,118.24,142.75,115.51,2.19M,15.51%
03/20/2020,133.35,136.32,151.93,117.77,2.32M,-2.24%
03/21/2020,132.74,133.40,137.36,125.95,1.60M,-0.46%
03/22/2020,122.48,132.52,136.95,121.21,1.60M,-7.73%
03/23/2020,136.03,122.32,137.08,120.08,1.55M,11.06%
03/24/2020,137.89,135.93,143.23,132.58,1.60M,1.37%
03/25/2020,136.01,137.89,141.85,132.84,1.19M,-1.36%
03/26/2020,138.35,136.15,139.44,133.50,1.40M,1.71%
03/27/2020,131.3,138.43,140.99,130.20,1.36M,-5.09%
03/28/2020,130.89,131.32,132.80,125.05,1.54M,-0.31%
03/29/2020,124.43,130.95,131.73,124.00,821.78K,-4.94%
03/30/2020,132.01,124.47,135.00,124.13,1.20M,6.10%
03/31/2020,132.8,132.04,134.91,130.43,911.56K,0.60%
04/01/2020,135.6,132.79,136.63,128.76,881.05K,2.10%
04/02/2020,141.32,135.65,149.41,135.10,1.55M,4.22%
04/03/2020,141.35,141.26,146.58,137.90,1.34M,0.03%
04/04/2020,144.05,141.31,146.12,139.02,867.66K,1.91%
04/05/2020,142.63,144.13,145.52,140.85,757.45K,-0.98%
04/06/2020,171.38,142.64,171.67,142.61,2.22M,20.15%
04/07/2020,164.62,171.30,176.07,162.63,2.34M,-3.94%
04/08/2020,173.1,164.59,174.39,163.61,1.68M,5.15%
04/09/2020,169.74,173.10,173.34,165.74,1.20M,-1.94%
04/10/2020,157.83,169.63,170.07,152.32,1.56M,-7.01%
04/11/2020,158.29,157.86,161.10,154.00,953.81K,0.29%
04/12/2020,158.56,158.29,164.76,155.01,1.09M,0.17%
04/13/2020,156.29,158.55,158.87,150.12,1.26M,-1.44%
04/14/2020,158.51,156.29,161.76,155.48,1.23M,1.42%
04/15/2020,152.77,158.45,161.17,152.11,1.28M,-3.62%
04/16/2020,172.26,152.60,174.58,148.67,2.08M,12.76%
04/17/2020,170.74,172.33,174.81,168.54,1.44M,-0.89%
04/18/2020,187.45,170.66,189.38,170.58,1.62M,9.79%
04/19/2020,180.04,187.53,188.24,176.21,1.57M,-3.96%
04/20/2020,170.35,179.98,186.32,167.18,2.21M,-5.38%
04/21/2020,170.74,170.27,174.60,168.24,1.49M,0.23%
04/22/2020,182.76,170.76,183.84,169.93,1.67M,7.03%
04/23/2020,185.49,182.74,193.47,178.32,1.62M,1.50%
04/24/2020,187.49,185.54,189.64,183.45,949.02K,1.08%
04/25/2020,194.24,187.61,197.94,185.97,1.17M,3.60%
04/26/2020,197.36,194.00,199.69,192.42,1.09M,1.61%
04/27/2020,196.28,197.36,198.88,190.16,1.06M,-0.55%
04/28/2020,196.5,196.28,197.49,192.35,850.83K,0.11%
04/29/2020,215.34,196.25,218.60,196.25,1.43M,9.59%
04/30/2020,206.18,215.40,227.04,202.37,1.68M,-4.25%
05/01/2020,211.99,206.38,216.99,206.07,1.20M,2.81%
05/02/2020,213.88,212.01,215.20,210.40,616.73K,0.90%
05/03/2020,209.79,214.08,218.88,205.30,928.37K,-1.91%
05/04/2020,206.59,209.88,210.53,195.01,1.29M,-1.53%
05/05/2020,205.29,206.53,211.57,201.44,818.14K,-0.62%
05/06/2020,198.96,205.33,210.57,198.48,957.87K,-3.08%
05/07/2020,211.88,198.70,214.65,197.31,1.20M,6.49%
05/08/2020,211.37,211.95,216.27,207.17,1.04M,-0.24%
05/09/2020,210.05,211.43,214.48,208.55,834.16K,-0.63%
05/10/2020,187.69,210.05,210.05,180.63,1.21M,-10.64%
05/11/2020,185.74,187.60,193.31,176.43,911.56K,-1.04%
05/12/2020,189.79,185.77,192.07,185.60,698.71K,2.18%
05/13/2020,199.57,189.77,200.85,188.55,674.72K,5.15%
05/14/2020,203.36,200.04,205.95,195.80,861.78K,1.90%
05/15/2020,194.85,203.30,204.07,192.31,612.77K,-4.19%
05/16/2020,200.54,194.74,203.22,193.51,829.93K,2.92%
05/17/2020,206.99,200.47,209.84,199.77,787.15K,3.22%
05/18/2020,214.9,207.01,216.95,207.01,1.09M,3.82%
05/19/2020,214.6,214.95,215.76,209.68,837.94K,-0.14%
05/20/2020,209.96,214.60,215.41,206.69,782.18K,-2.16%
05/21/2020,198.8,209.98,211.66,192.05,1.01M,-5.32%
05/22/2020,207.25,198.76,209.07,196.44,862.43K,4.25%
05/23/2020,206.58,207.25,211.06,204.85,644.90K,-0.33%
05/24/2020,199.67,206.62,210.47,199.67,845.53K,-3.35%
05/25/2020,204.09,199.73,205.54,198.24,628.09K,2.22%
05/26/2020,200.96,204.08,204.98,197.00,563.31K,-1.54%
05/27/2020,208.24,200.89,208.34,200.82,673.19K,3.62%
05/28/2020,220.26,208.30,220.52,204.71,846.85K,5.77%
05/29/2020,220.67,220.27,224.56,217.74,983.86K,0.19%
05/30/2020,243.6,221.06,246.74,218.80,1.48M,10.39%
05/31/2020,231.69,243.65,245.45,230.18,1.19M,-4.89%
06/01/2020,247.92,231.61,249.99,230.75,1.02M,7.00%
06/02/2020,237.88,248.28,253.50,225.99,1.06M,-4.05%
06/03/2020,244.5,237.77,245.01,233.61,558.77K,2.78%
06/04/2020,243.31,244.53,246.54,236.40,240.40K,-0.49%
06/05/2020,240.24,243.20,247.73,239.42,292.30K,-1.26%
06/06/2020,242.03,240.23,244.53,238.06,223.18K,0.74%
06/07/2020,244.57,241.93,244.95,235.12,308.97K,1.05%
06/08/2020,246.34,244.56,247.53,241.07,214.80K,0.72%
06/09/2020,243.74,246.34,249.55,239.34,225.96K,-1.05%
06/10/2020,247.69,243.74,249.74,241.99,193.30K,1.62%
06/11/2020,230.36,247.70,249.81,226.55,420.50K,-7.00%
06/12/2020,237.54,230.37,239.25,228.49,313.67K,3.12%
06/13/2020,238.1,237.54,238.55,234.71,163.22K,0.24%
06/14/2020,231.82,238.12,238.49,230.09,192.99K,-2.64%
06/15/2020,230.82,231.83,233.45,218.74,428.60K,-0.44%
06/16/2020,235.26,230.82,235.87,228.83,268.66K,1.92%
06/17/2020,233.78,235.26,237.11,228.16,248.33K,-0.63%
06/18/2020,231.39,233.78,234.49,228.11,177.45K,-1.02%
06/19/2020,229.03,231.39,231.89,226.83,238.35K,-1.02%
06/20/2020,228.8,229.03,230.76,226.07,135.34K,-0.10%
06/21/2020,228.09,228.80,231.20,227.35,144.39K,-0.31%
06/22/2020,243.23,228.07,246.55,227.72,402.13K,6.64%
06/23/2020,242.98,243.23,244.66,240.97,233.28K,-0.10%
06/24/2020,234.79,242.98,249.05,231.43,423.80K,-3.37%
06/25/2020,232.58,234.81,235.31,227.78,238.15K,-0.94%
06/26/2020,229.53,232.58,233.51,228.04,232.71K,-1.31%
06/27/2020,220.98,229.78,231.22,216.65,226.09K,-3.72%
06/28/2020,224.97,220.98,227.75,218.05,225.03K,1.80%
06/29/2020,227.86,224.96,229.85,221.39,237.30K,1.28%
06/30/2020,225.59,228.01,228.53,223.00,190.92K,-1.00%
07/01/2020,230.84,225.59,232.13,224.26,227.70K,2.32%
07/02/2020,226.44,231.00,231.98,223.21,253.10K,-1.90%
07/03/2020,224.99,226.47,228.02,224.35,157.26K,-0.64%
07/04/2020,229.1,224.96,230.48,224.62,185.04K,1.83%
07/05/2020,227.91,229.10,229.65,223.83,192.36K,-0.52%
07/06/2020,241.48,227.54,241.48,227.54,377.03K,5.96%
07/07/2020,239.36,241.48,242.45,237.38,209.58K,-0.88%
07/08/2020,246.84,239.36,246.84,239.36,319.56K,3.13%
07/09/2020,242.04,246.84,247.14,240.32,210.24K,-1.95%
07/10/2020,241.16,242.04,242.04,239.71,180.46K,-0.36%
07/11/2020,239.13,241.31,241.31,238.82,127.72K,-0.84%
07/12/2020,242.57,239.15,242.57,238.48,176.19K,1.44%
07/13/2020,239.71,242.80,244.79,239.71,264.57K,-1.18%
07/14/2020,240.46,239.72,240.54,238.26,208.87K,0.31%
07/15/2020,238.57,240.44,240.44,238.45,143.01K,-0.78%
07/16/2020,233.66,238.57,238.57,230.50,206.96K,-2.06%
07/17/2020,232.8,233.68,233.68,232.80,155.26K,-0.37%
07/18/2020,235.72,232.80,235.72,232.80,135.87K,1.25%
07/19/2020,238.84,235.72,238.84,233.85,155.19K,1.32%
07/20/2020,236.01,239.00,239.07,236.01,170.83K,-1.18%
07/21/2020,245.45,236.02,245.45,236.02,301.36K,4.00%
07/22/2020,263.78,245.45,263.78,243.30,272.91K,7.47%
07/23/2020,275.36,263.78,275.36,263.66,491.27K,4.39%
07/24/2020,279.08,275.39,281.57,269.68,493.45K,1.35%
07/25/2020,305.18,279.17,305.18,279.17,535.82K,9.35%
07/26/2020,311.04,305.16,316.51,300.83,598.48K,1.92%
07/27/2020,321.88,311.04,325.21,311.04,578.69K,3.48%
07/28/2020,316.86,321.94,321.94,313.88,517.36K,-1.56%
07/29/2020,317.86,316.77,323.79,315.11,420.32K,0.32%
07/30/2020,334.7,317.65,340.38,316.39,435.59K,5.30%
07/31/2020,346.38,334.70,346.38,334.70,537.32K,3.49%
08/01/2020,386.99,346.37,386.99,346.37,596.74K,11.73%
08/02/2020,372.03,387.05,387.13,360.24,678.09K,-3.87%
08/03/2020,385.7,372.03,389.73,372.03,575.17K,3.67%
08/04/2020,389.66,385.85,391.89,385.85,560.32K,1.03%
08/05/2020,400.74,389.67,400.83,387.92,458.69K,2.84%
08/06/2020,394.79,400.65,400.65,394.79,379.79K,-1.48%
08/07/2020,379.39,394.80,394.80,378.64,477.95K,-3.90%
08/08/2020,396.78,379.33,396.78,378.98,346.29K,4.59%
08/09/2020,390.33,396.61,396.61,388.49,335.74K,-1.63%
08/10/2020,395.4,390.07,395.40,390.07,343.96K,1.30%
08/11/2020,379.05,395.37,395.37,379.05,428.34K,-4.14%
08/12/2020,387.04,379.05,387.04,374.26,409.60K,2.11%
08/13/2020,424.35,387.17,424.35,381.92,555.58K,9.64%
08/14/2020,437.87,424.64,442.44,422.46,457.56K,3.19%
08/15/2020,432.09,437.87,438.05,432.08,345.49K,-1.32%
08/16/2020,433.58,432.21,433.58,419.92,341.72K,0.34%
08/17/2020,430.7,433.54,433.54,427.16,318.42K,-0.66%
08/18/2020,422.02,430.71,432.21,422.02,297.93K,-2.01%
08/19/2020,407.56,422.01,422.01,405.33,412.24K,-3.43%
08/20/2020,415.71,407.33,415.71,407.33,326.75K,2.00%
08/21/2020,387.86,415.71,415.71,386.55,349.88K,-6.70%
08/22/2020,395.3,388.02,395.30,388.02,351.29K,1.92%
08/23/2020,390.58,395.28,395.28,389.66,245.32K,-1.19%
08/24/2020,407.9,390.65,407.90,390.65,390.44K,4.43%
08/25/2020,383.05,407.74,407.74,383.05,458.98K,-6.09%
08/26/2020,385.85,383.00,389.74,383.00,347.66K,0.73%
08/27/2020,383.22,385.77,385.77,383.22,360.92K,-0.68%
08/28/2020,395.39,383.22,395.58,381.42,340.61K,3.18%
08/29/2020,399.0,395.10,403.43,395.10,285.79K,0.91%
08/30/2020,428.77,399.00,428.77,399.00,396.19K,7.46%
08/31/2020,434.06,428.82,434.06,423.67,480.03K,1.23%
09/01/2020,475.95,434.06,475.95,434.06,620.43K,9.65%
09/02/2020,439.75,475.94,475.94,436.34,611.64K,-7.61%
09/03/2020,381.25,439.47,443.15,381.25,573.83K,-13.30%
09/04/2020,385.47,381.42,385.47,381.42,440.32K,1.11%
09/05/2020,335.11,385.48,386.61,335.11,608.03K,-13.07%
09/06/2020,352.65,335.18,352.65,335.18,628.06K,5.23%
09/07/2020,353.53,352.70,355.80,327.61,492.65K,0.25%
09/08/2020,337.61,353.78,353.78,336.88,463.93K,-4.51%
09/09/2020,350.81,337.38,354.15,335.40,420.55K,3.91%
09/10/2020,367.92,350.78,373.31,350.78,559.86K,4.88%
09/11/2020,373.56,367.92,373.56,357.45,391.26K,1.53%
09/12/2020,388.01,373.55,388.01,367.63,312.16K,3.87%
09/13/2020,366.14,387.84,387.84,366.14,411.44K,-5.64%
09/14/2020,377.13,366.29,377.13,365.63,438.77K,3.00%
09/15/2020,364.1,377.17,378.08,364.10,362.35K,-3.45%
09/16/2020,364.87,364.11,365.76,359.88,402.13K,0.21%
09/17/2020,389.36,365.04,392.60,365.04,625.96K,6.71%
09/18/2020,384.23,389.42,389.42,384.23,382.65K,-1.32%
09/19/2020,385.17,384.23,385.59,383.35,202.99K,0.25%
09/20/2020,371.06,385.15,385.15,368.18,249.11K,-3.66%
09/21/2020,340.13,371.06,374.39,340.13,419.43K,-8.34%
09/22/2020,344.2,340.19,344.20,340.19,300.95K,1.20%
09/23/2020,320.1,344.25,344.25,320.10,299.25K,-7.00%
09/24/2020,349.19,320.54,349.19,320.54,305.79K,9.09%
09/25/2020,351.86,349.19,354.08,343.51,299.88K,0.76%
09/26/2020,353.96,351.86,353.96,351.20,370.79K,0.60%
09/27/2020,357.48,353.95,360.74,351.44,331.55K,0.99%
09/28/2020,353.89,357.73,364.43,353.89,288.03K,-1.00%
09/29/2020,359.82,353.99,359.82,353.35,263.45K,1.68%
09/30/2020,359.78,359.81,359.81,355.27,224.03K,-0.01%
10/01/2020,353.05,359.65,367.63,352.30,305.55K,-1.87%
10/02/2020,345.58,352.51,352.51,339.15,377.82K,-2.12%
10/03/2020,345.9,345.58,346.85,345.58,195.55K,0.09%
10/04/2020,352.36,345.90,352.36,345.90,192.77K,1.87%
10/05/2020,353.37,352.36,353.37,350.86,203.34K,0.29%
10/06/2020,341.04,353.54,353.54,341.04,244.79K,-3.49%
10/07/2020,341.61,341.04,341.81,337.42,253.82K,0.17%
10/08/2020,350.8,341.66,351.64,339.38,263.32K,2.69%
10/09/2020,365.06,350.89,366.80,349.59,305.95K,4.06%
10/10/2020,370.68,364.98,373.49,364.98,309.12K,1.54%
10/11/2020,374.16,370.68,374.16,370.28,219.07K,0.94%
10/12/2020,386.45,374.21,386.45,374.21,348.84K,3.28%
10/13/2020,381.24,386.45,386.45,379.87,361.53K,-1.35%
10/14/2020,378.7,381.24,382.14,375.90,338.00K,-0.66%
10/15/2020,377.67,378.70,378.70,376.77,370.04K,-0.27%
10/16/2020,365.41,377.70,377.70,365.41,328.67K,-3.25%
10/17/2020,368.51,365.49,368.51,365.49,201.05K,0.85%
10/18/2020,378.02,368.40,378.02,368.40,204.80K,2.58%
10/19/2020,379.3,378.02,379.71,373.60,281.10K,0.34%
10/20/2020,368.56,379.33,379.33,368.56,349.14K,-2.83%
10/21/2020,390.8,368.56,390.80,368.56,476.21K,6.03%
10/22/2020,413.94,390.50,416.94,390.50,506.43K,5.92%
10/23/2020,409.2,414.02,415.37,409.20,336.93K,-1.15%
10/24/2020,412.17,409.11,412.85,409.11,227.57K,0.73%
10/25/2020,406.01,412.16,412.16,406.01,211.67K,-1.49%
10/26/2020,392.76,406.00,408.30,392.76,342.75K,-3.26%
10/27/2020,403.45,392.77,403.45,392.77,329.51K,2.72%
10/28/2020,388.39,403.45,407.25,384.79,365.37K,-3.73%
10/29/2020,387.16,388.30,390.27,387.16,336.25K,-0.32%
10/30/2020,382.4,387.15,387.15,382.40,324.52K,-1.23%
10/31/2020,386.52,382.53,386.52,382.53,242.63K,1.07%
11/01/2020,396.52,386.36,396.52,386.36,200.40K,2.59%
11/02/2020,383.15,396.52,397.53,383.15,383.59K,-3.37%
11/03/2020,387.8,383.07,387.80,382.88,285.76K,1.21%
11/04/2020,402.17,387.80,402.17,380.83,305.15K,3.71%
11/05/2020,416.67,402.35,416.97,398.24,368.74K,3.60%
11/06/2020,455.71,416.77,455.71,416.77,454.44K,9.37%
11/07/2020,435.05,455.83,462.24,435.05,430.85K,-4.53%
11/08/2020,454.6,435.05,454.60,435.05,331.09K,4.49%
11/09/2020,444.14,454.60,455.99,444.14,303.64K,-2.30%
11/10/2020,450.32,444.45,452.16,444.45,313.61K,1.39%
11/11/2020,463.19,450.31,463.25,450.31,337.26K,2.86%
11/12/2020,461.67,463.19,463.19,458.37,279.49K,-0.33%
11/15/2020,448.17,461.19,461.19,443.72,248.87K,-2.93%
11/16/2020,460.35,448.17,460.35,448.17,275.63K,2.72%
11/17/2020,482.14,460.46,482.14,460.46,312.32K,4.73%
11/18/2020,478.33,482.14,482.14,473.98,326.85K,-0.79%
11/19/2020,471.06,478.33,478.33,468.17,249.21K,-1.52%
11/20/2020,510.14,471.10,511.65,471.10,405.19K,8.30%
11/21/2020,552.23,510.02,552.23,510.02,354.65K,8.25%
11/22/2020,560.29,552.59,560.29,524.28,373.98K,1.46%
11/23/2020,609.08,560.39,609.08,560.39,371.19K,8.71%
11/24/2020,604.89,609.08,617.89,595.49,216.27K,-0.69%
11/25/2020,570.02,604.89,604.89,566.52,210.79K,-5.76%
11/26/2020,519.4,570.02,570.02,501.45,310.74K,-8.88%
11/27/2020,516.68,519.40,519.40,506.55,247.96K,-0.52%
11/28/2020,537.74,518.34,540.07,513.59,238.25K,4.08%
11/29/2020,575.41,536.19,575.41,536.19,268.21K,7.00%
11/30/2020,615.96,575.66,615.96,575.66,318.32K,7.05%
12/01/2020,585.41,615.96,615.96,585.41,281.82K,-4.96%
12/02/2020,598.03,585.60,598.03,585.60,194.81K,2.16%
12/03/2020,615.95,597.88,615.95,597.88,70.23K,3.00%
12/04/2020,567.68,615.95,617.68,567.68,166.24K,-7.84%
12/05/2020,596.44,567.83,596.44,567.83,224.88K,5.07%
12/06/2020,601.41,596.44,603.27,592.99,192.38K,0.83%
12/07/2020,591.32,601.71,601.71,591.32,165.04K,-1.68%
12/08/2020,555.08,591.32,591.32,555.08,246.77K,-6.13%
12/09/2020,573.54,554.94,573.54,548.55,285.16K,3.32%
12/10/2020,558.42,573.57,573.57,558.42,258.54K,-2.64%
12/11/2020,543.94,558.70,558.70,541.28,266.21K,-2.59%
12/12/2020,567.9,544.19,567.90,544.19,112.41K,4.40%
12/13/2020,591.1,568.00,591.10,565.22,230.82K,4.09%
12/14/2020,586.31,590.94,590.94,583.83,182.56K,-0.81%
12/15/2020,588.79,586.28,588.79,582.39,167.40K,0.42%
12/16/2020,637.55,588.79,637.55,584.90,208.36K,8.28%
12/17/2020,643.42,637.40,665.40,637.40,277.90K,0.92%
12/18/2020,653.77,643.19,653.77,634.75,241.20K,1.61%
12/19/2020,658.28,653.77,664.91,649.50,188.42K,0.69%
12/20/2020,638.51,658.28,658.28,638.51,174.73K,-3.00%
12/21/2020,608.25,638.51,646.42,608.25,130.12K,-4.74%
12/22/2020,637.21,608.25,637.21,598.92,150.23K,4.76%
12/23/2020,585.41,637.10,637.10,585.41,114.11K,-8.13%
12/24/2020,612.6,585.49,612.60,575.67,145.43K,4.64%
12/25/2020,626.73,612.60,626.73,612.60,137.29K,2.31%
12/26/2020,636.44,626.71,647.61,624.16,160.50K,1.55%
12/27/2020,684.66,636.67,693.99,636.67,190.89K,7.58%
12/28/2020,730.41,684.56,744.07,684.56,264.01K,6.68%
12/29/2020,731.72,729.91,731.72,713.72,182.64K,0.18%
12/30/2020,752.03,731.72,752.03,722.24,167.91K,2.78%
12/31/2020,735.81,752.01,752.01,731.60,95.14K,-2.16%
01/01/2021,729.15,736.15,739.32,728.35,73.41K,-0.90%
01/02/2021,774.55,729.15,779.01,729.15,98.63K,6.23%
01/03/2021,977.8,774.56,977.80,774.56,121.09K,26.24%
01/04/2021,1043.28,977.56,"1,043.28",937.88,133.86K,6.70%
01/05/2021,1099.82,"1,042.01","1,099.82","1,008.63",126.33K,5.42%
01/06/2021,1202.23,"1,099.95","1,202.23","1,099.95",105.94K,9.31%
01/10/2021,1256.08,"1,333.96","1,339.14","1,256.08",68.07K,4.48%
01/11/2021,1088.71,"1,255.39","1,255.39",984.99,87.80K,-13.32%
01/12/2021,1050.01,"1,086.75","1,117.60","1,050.01",100.61K,-3.55%
01/13/2021,1010.59,"1,050.54","1,066.96","1,010.59",49.79K,-3.75%
01/14/2021,1233.17,"1,010.59","1,233.17","1,010.59",127.91K,22.02%
01/15/2021,1168.81,"1,232.34","1,232.34","1,168.81",237.73K,-5.22%
01/16/2021,1228.51,"1,168.81","1,267.39","1,168.81",159.59K,5.11%
01/17/2021,1233.54,"1,228.50","1,233.54","1,183.11",145.53K,0.41%
01/18/2021,1257.91,"1,232.88","1,257.91","1,225.65",81.27K,1.98%
01/19/2021,1368.9,"1,257.91","1,383.75","1,257.91",104.46K,8.82%
01/20/2021,1377.5,"1,368.05","1,389.97","1,316.33",101.38K,0.63%
01/21/2021,1110.48,"1,377.50","1,377.50","1,110.48",139.43K,-19.38%
01/22/2021,1234.08,"1,111.66","1,234.08","1,110.07",114.68K,11.13%
01/23/2021,1233.22,"1,233.23","1,259.55","1,233.22",43.02K,-0.07%
01/24/2021,1390.43,"1,233.22","1,390.43","1,233.22",35.86K,12.75%
01/25/2021,1319.14,"1,390.67","1,408.39","1,319.14",59.20K,-5.13%
01/26/2021,1365.52,"1,319.49","1,365.52","1,319.49",61.07K,3.52%
01/27/2021,1241.35,"1,365.52","1,365.52","1,241.35",75.75K,-9.09%
01/28/2021,1328.12,"1,238.18","1,328.12","1,238.18",39.26K,6.99%
01/29/2021,1378.79,"1,328.09","1,415.69","1,321.51",71.27K,3.82%
01/30/2021,1375.95,"1,378.77","1,378.77","1,349.55",36.64K,-0.21%
01/31/2021,1312.93,"1,375.97","1,375.97","1,312.93",22.42K,-4.58%
02/01/2021,1373.07,"1,313.12","1,373.07","1,313.12",28.43K,4.58%
02/02/2021,1511.11,"1,373.33","1,511.11","1,373.33",48.87K,10.05%
02/03/2021,1662.39,"1,512.26","1,662.39","1,512.26",30.56K,10.01%
02/04/2021,1595.22,"1,662.39","1,662.39","1,595.22",39.27K,-4.04%
02/05/2021,1719.84,"1,595.22","1,735.11","1,595.22",24.42K,7.81%
02/06/2021,1677.06,"1,719.59","1,719.59","1,658.99",18.63K,-2.49%
02/07/2021,1611.83,"1,677.70","1,677.70","1,575.94",32.23K,-3.89%
02/08/2021,1748.86,"1,612.28","1,748.86","1,612.28",32.34K,8.50%
02/09/2021,1769.41,"1,748.86","1,769.41","1,748.86",29.05K,1.18%
02/10/2021,1740.96,"1,769.56","1,801.82","1,740.96",29.42K,-1.61%
02/11/2021,1785.0,"1,741.66","1,792.87","1,741.66",22.44K,2.53%
02/12/2021,1839.14,"1,785.73","1,839.14","1,762.38",13.64K,3.03%
02/13/2021,1814.61,"1,838.63","1,849.83","1,807.44",16.66K,-1.33%
02/14/2021,1800.69,"1,815.05","1,840.23","1,800.69",10.66K,-0.77%
02/15/2021,1779.72,"1,800.69","1,807.74","1,779.72",22.44K,-1.16%
02/16/2021,1782.57,"1,779.81","1,788.57","1,779.81",20.06K,0.16%
02/17/2021,1847.48,"1,781.83","1,847.48","1,765.68",9.76K,3.64%
02/18/2021,1937.25,"1,851.65","1,937.25","1,851.65",8.64K,4.86%
02/19/2021,1955.16,"1,938.61","1,955.16","1,915.69",9.34K,0.92%
02/20/2021,1915.74,"1,957.69","2,012.66","1,915.74",21.21K,-2.02%
02/21/2021,1933.78,"1,915.74","1,956.64","1,915.74",17.14K,0.94%
02/22/2021,1777.1,"1,934.82","1,934.82","1,777.10",54.58K,-8.10%
02/23/2021,1577.89,"1,777.19","1,777.19","1,509.28",130.47K,-11.21%
02/24/2021,1623.51,"1,577.40","1,697.74","1,565.86",64.14K,2.89%
02/25/2021,1479.25,"1,622.89","1,622.89","1,479.25",47.22K,-8.89%
02/26/2021,1445.2,"1,482.26","1,482.26","1,444.13",75.85K,-2.30%
02/27/2021,1458.2,"1,446.13","1,486.49","1,446.13",45.80K,0.90%
02/28/2021,1418.23,"1,457.94","1,457.94","1,353.89",84.53K,-2.74%
03/01/2021,1569.79,"1,418.28","1,569.79","1,418.28",46.55K,10.69%
03/02/2021,1486.5,"1,570.46","1,570.46","1,458.62",46.43K,-5.31%
03/03/2021,1568.08,"1,485.66","1,609.57","1,485.66",37.54K,5.49%
03/04/2021,1538.58,"1,567.76","1,572.83","1,538.58",57.77K,-1.88%
03/05/2021,1527.82,"1,539.58","1,539.58","1,459.25",58.91K,-0.70%
03/06/2021,1649.23,"1,528.55","1,649.23","1,528.55",39.78K,7.95%
03/07/2021,1725.31,"1,652.04","1,725.31","1,652.04",36.75K,4.61%
03/08/2021,1832.76,"1,727.86","1,832.76","1,696.88",48.02K,6.23%
03/09/2021,1869.16,"1,835.91","1,869.16","1,814.00",31.72K,1.99%
03/10/2021,1794.51,"1,869.88","1,869.88","1,772.25",41.00K,-3.99%
03/11/2021,1823.61,"1,794.88","1,823.61","1,788.97",41.29K,1.62%
03/12/2021,1765.93,"1,823.82","1,823.82","1,755.10",33.17K,-3.16%
03/13/2021,1922.1,"1,765.93","1,922.10","1,765.93",24.92K,8.84%
03/14/2021,1849.13,"1,922.48","1,922.48","1,849.13",25.13K,-3.80%
03/15/2021,1793.09,"1,849.13","1,849.13","1,778.77",38.65K,-3.03%
03/16/2021,1805.66,"1,793.78","1,805.66","1,725.16",33.53K,0.70%
03/17/2021,1822.78,"1,806.61","1,822.78","1,764.40",26.02K,0.95%
03/18/2021,1777.75,"1,823.19","1,828.74","1,777.75",18.46K,-2.47%
03/19/2021,1807.9,"1,777.75","1,808.76","1,777.75",15.52K,1.70%
03/20/2021,1805.25,"1,807.99","1,829.85","1,805.25",13.76K,-0.15%
03/21/2021,1783.34,"1,805.54","1,805.54","1,767.43",16.05K,-1.21%
03/22/2021,1683.07,"1,783.10","1,784.54","1,683.07",21.78K,-5.62%
03/23/2021,1668.77,"1,682.86","1,700.43","1,665.81",21.87K,-0.85%
03/24/2021,1585.97,"1,668.78","1,695.74","1,558.99",27.34K,-4.96%
03/25/2021,1587.86,"1,586.13","1,619.02","1,579.73",27.95K,0.12%
03/26/2021,1698.95,"1,587.86","1,698.95","1,587.86",16.47K,7.00%
03/27/2021,1711.84,"1,698.95","1,711.84","1,681.15",15.59K,0.76%
03/28/2021,1687.27,"1,711.85","1,712.81","1,687.27",12.72K,-1.44%
03/29/2021,1816.19,"1,687.90","1,816.19","1,687.90",17.01K,7.64%
03/30/2021,1841.29,"1,816.66","1,841.29","1,795.44",13.17K,1.38%
03/31/2021,1918.24,"1,841.40","1,918.24","1,815.51",28.97K,4.18%
04/01/2021,1967.33,"1,920.69","1,967.33","1,909.88",23.96K,2.56%
04/02/2021,2133.99,"1,967.42","2,133.99","1,967.42",23.86K,8.47%
04/03/2021,2007.98,"2,133.62","2,133.62","2,007.98",29.54K,-5.90%
04/04/2021,2074.79,"2,007.82","2,074.79","2,007.82",20.17K,3.33%
04/05/2021,2105.36,"2,074.79","2,111.85","2,015.68",21.79K,1.47%
04/06/2021,2113.19,"2,104.78","2,113.19","2,072.31",20.02K,0.37%
04/07/2021,1961.01,"2,113.48","2,113.48","1,961.01",36.36K,-7.20%
04/08/2021,2078.45,"1,961.75","2,078.45","1,961.75",18.42K,5.99%
04/09/2021,2062.7,"2,078.47","2,092.29","2,062.70",9.95K,-0.76%
04/10/2021,2125.43,"2,062.70","2,169.46","2,062.70",15.90K,3.04%
04/11/2021,2143.63,"2,126.89","2,143.63","2,126.89",23.81K,0.86%
04/12/2021,2136.59,"2,144.55","2,144.86","2,136.59",60.88K,-0.33%
04/13/2021,2299.4,"2,136.59","2,299.40","2,136.59",77.78K,7.62%
04/14/2021,2432.88,"2,299.47","2,432.88","2,299.47",115.17K,5.80%
04/15/2021,2514.3,"2,432.88","2,514.30","2,432.88",69.22K,3.35%
04/16/2021,2422.01,"2,514.45","2,514.45","2,422.01",123.53K,-3.67%
04/17/2021,2315.96,"2,422.08","2,422.08","2,315.96",72.13K,-4.38%
04/18/2021,2237.31,"2,316.56","2,316.56","2,138.98",265.20K,-3.40%
04/19/2021,2159.74,"2,235.98","2,262.50","2,124.61",136.33K,-3.47%
04/20/2021,2330.22,"2,161.03","2,330.22","2,139.04",198.46K,7.89%
04/21/2021,2357.29,"2,330.22","2,426.31","2,307.00",169.59K,1.16%
04/22/2021,2401.94,"2,357.29","2,583.38","2,357.29",270.78K,1.89%
04/23/2021,2367.57,"2,399.62","2,399.62","2,293.80",377.15K,-1.43%
04/24/2021,2212.13,"2,367.72","2,367.72","2,212.13",194.30K,-6.57%
04/25/2021,2319.16,"2,215.03","2,319.16","2,215.03",161.52K,4.84%
04/26/2021,2533.18,"2,319.16","2,533.18","2,319.16",150.16K,9.23%
04/27/2021,2663.3,"2,532.25","2,663.30","2,532.25",92.01K,5.14%
04/28/2021,2747.41,"2,664.91","2,747.41","2,659.98",118.76K,3.16%
04/29/2021,2755.61,"2,747.14","2,755.61","2,716.59",80.69K,0.30%
04/30/2021,2771.94,"2,755.60","2,771.94","2,734.70",59.04K,0.59%
05/01/2021,2944.09,"2,772.18","2,944.09","2,772.18",55.50K,6.21%
05/02/2021,2952.01,"2,944.09","2,952.01","2,912.03",49.94K,0.27%
05/03/2021,3427.54,"2,952.01","3,427.54","2,952.01",85.44K,16.11%
05/04/2021,3233.36,"3,430.50","3,453.21","3,233.36",157.73K,-5.67%
05/05/2021,3524.26,"3,267.94","3,524.26","3,267.94",122.89K,9.00%
05/06/2021,3488.07,"3,524.00","3,524.00","3,461.01",76.65K,-1.03%
05/07/2021,3478.99,"3,489.60","3,523.74","3,384.23",70.41K,-0.26%
05/08/2021,3907.53,"3,478.99","3,907.53","3,478.99",69.92K,12.32%
05/09/2021,3922.13,"3,907.53","3,956.62","3,906.80",78.60K,0.37%
05/10/2021,3950.03,"3,923.75","4,128.97","3,923.75",107.03K,0.71%
05/11/2021,4173.78,"3,947.65","4,173.78","3,907.23",98.00K,5.66%
05/12/2021,3821.67,"4,173.86","4,352.11","3,821.67",130.89K,-8.44%
05/13/2021,3717.66,"3,816.58","3,925.90","3,717.66",225.05K,-2.72%
05/14/2021,4072.79,"3,717.66","4,111.94","3,717.66",106.07K,9.55%
05/15/2021,3645.15,"4,073.04","4,073.04","3,645.15",140.08K,-10.50%
05/16/2021,3579.78,"3,645.65","3,831.95","3,579.78",162.02K,-1.79%
05/17/2021,3278.92,"3,580.24","3,580.24","3,227.97",272.61K,-8.40%
05/18/2021,3376.3,"3,282.72","3,512.56","3,282.72",198.00K,2.97%
05/19/2021,2435.65,"3,376.01","3,421.00","2,435.65",730.14K,-27.86%
05/20/2021,2767.66,"2,445.08","2,767.66","2,445.08",582.27K,13.63%
05/21/2021,2431.17,"2,767.88","2,857.54","2,431.17",643.22K,-12.16%
05/22/2021,2293.37,"2,431.09","2,468.35","2,293.37",599.06K,-5.67%
05/23/2021,2094.28,"2,294.41","2,319.10","2,014.34",891.86K,-8.68%
05/24/2021,2648.5,"2,097.31","2,648.50","2,097.31",566.34K,26.46%
05/25/2021,2704.9,"2,648.50","2,704.90","2,575.49",503.18K,2.13%
05/26/2021,2884.17,"2,704.67","2,884.17","2,704.67",319.42K,6.63%
05/27/2021,2740.74,"2,884.17","2,884.17","2,740.74",248.93K,-4.97%
05/28/2021,2411.45,"2,739.73","2,739.73","2,350.81",347.63K,-12.01%
05/29/2021,2278.15,"2,411.65","2,411.65","2,278.15",382.42K,-5.53%
05/30/2021,2386.68,"2,279.18","2,429.09","2,279.18",255.09K,4.76%
05/31/2021,2706.12,"2,385.90","2,706.12","2,357.89",236.45K,13.38%
06/01/2021,2633.3,"2,706.16","2,730.19","2,568.20",213.03K,-2.69%
06/02/2021,2706.19,"2,633.79","2,706.19","2,633.79",85.46K,2.77%
06/03/2021,2856.64,"2,705.24","2,856.64","2,704.66",71.74K,5.56%
06/04/2021,2687.05,"2,857.02","2,857.02","2,638.18",109.86K,-5.94%
06/05/2021,2628.85,"2,688.37","2,742.88","2,622.22",86.78K,-2.17%
06/06/2021,2712.42,"2,628.13","2,712.42","2,628.13",52.98K,3.18%
06/07/2021,2593.95,"2,712.67","2,775.62","2,593.95",72.95K,-4.37%
06/08/2021,2507.15,"2,591.92","2,591.92","2,484.32",142.73K,-3.35%
06/09/2021,2610.65,"2,507.15","2,610.65","2,461.43",99.98K,4.13%
06/10/2021,2469.08,"2,609.93","2,609.93","2,469.08",61.47K,-5.42%
06/11/2021,2353.84,"2,469.52","2,474.57","2,353.84",57.76K,-4.67%
06/12/2021,2368.74,"2,354.02","2,368.88","2,290.57",70.64K,0.63%
06/13/2021,2507.86,"2,369.70","2,507.86","2,369.70",57.54K,5.87%
06/14/2021,2581.43,"2,508.92","2,581.43","2,479.98",47.93K,2.93%
06/15/2021,2543.82,"2,580.81","2,583.29","2,543.82",37.46K,-1.46%
06/16/2021,2368.17,"2,544.13","2,544.13","2,368.17",50.05K,-6.90%
06/17/2021,2372.28,"2,368.17","2,440.23","2,368.17",39.81K,0.17%
06/18/2021,2233.37,"2,372.86","2,372.86","2,233.37",63.01K,-5.86%
06/19/2021,2165.4,"2,234.13","2,249.26","2,165.40",47.58K,-3.04%
06/20/2021,2243.42,"2,164.72","2,243.42","2,091.96",72.42K,3.60%
06/21/2021,1886.25,"2,245.58","2,245.58","1,886.25",219.79K,-15.92%
06/22/2021,1877.48,"1,885.13","1,885.13","1,769.29",219.74K,-0.46%
06/23/2021,1967.83,"1,877.58","1,999.17","1,877.58",120.53K,4.81%
06/24/2021,1989.62,"1,968.12","1,989.62","1,944.34",79.90K,1.11%
06/25/2021,1811.23,"1,989.68","1,989.68","1,811.23",122.15K,-8.97%
06/26/2021,1830.86,"1,811.22","1,830.86","1,765.13",118.69K,1.08%
06/27/2021,1980.35,"1,830.73","1,980.35","1,826.90",66.22K,8.17%
06/28/2021,2084.6,"1,981.71","2,084.60","1,981.71",81.78K,5.26%
06/29/2021,2163.91,"2,084.40","2,163.91","2,084.40",88.28K,3.80%
06/30/2021,2274.99,"2,164.88","2,274.99","2,159.56",101.79K,5.13%
07/01/2021,2108.34,"2,274.99","2,274.99","2,108.34",106.44K,-7.33%
07/02/2021,2154.6,"2,107.92","2,154.60","2,047.51",104.04K,2.19%
07/03/2021,2223.15,"2,154.60","2,230.95","2,154.60",55.32K,3.18%
07/04/2021,2321.0,"2,325.37","2,353.06","2,321.00",41.83K,4.40%
07/05/2021,2195.73,"2,321.43","2,321.43","2,195.73",75.18K,-5.40%
07/06/2021,2310.43,"2,196.90","2,337.41","2,196.90",85.00K,5.22%
07/07/2021,2317.13,"2,321.40","2,396.83","2,308.63",42.72K,0.29%
07/08/2021,2114.5,"2,316.17","2,324.11","2,087.34",57.68K,-8.74%
07/09/2021,2146.33,"2,113.33","2,187.09","2,049.32",49.42K,1.51%
07/10/2021,2110.48,"2,146.33","2,191.01","2,076.51",33.41K,-1.67%
07/11/2021,2140.43,"2,110.69","2,172.80","2,082.46",22.42K,1.42%
07/12/2021,2032.26,"2,141.93","2,166.87","2,008.94",26.09K,-5.05%
07/13/2021,1940.99,"2,031.35","2,043.39","1,918.67",35.89K,-4.49%
07/14/2021,1994.73,"1,940.59","2,017.67","1,865.58",37.38K,2.77%
07/15/2021,1917.52,"1,994.86","2,038.91","1,883.04",40.16K,-3.87%
07/16/2021,1876.52,"1,918.88","1,963.96","1,850.48",34.82K,-2.14%
07/17/2021,1899.28,"1,876.51","1,917.64","1,849.44",33.07K,1.21%
07/18/2021,1891.04,"1,898.35","1,991.67","1,879.70",29.93K,-0.43%
07/19/2021,1818.36,"1,890.89","1,916.45","1,806.53",31.02K,-3.84%
07/20/2021,1785.08,"1,818.42","1,840.14","1,719.48",47.09K,-1.83%
07/21/2021,1994.26,"1,785.64","2,031.41","1,757.14",53.35K,11.72%
07/22/2021,2025.07,"1,994.28","2,044.38","1,950.33",41.89K,1.54%
07/23/2021,2124.65,"2,025.27","2,129.44","1,998.37",32.41K,4.92%
07/24/2021,2151.19,"2,125.35","2,166.87","2,106.02",30.27K,1.25%
07/25/2021,2190.59,"2,176.17","2,195.25","2,108.72",27.20K,1.83%
07/26/2021,2227.96,"2,189.61","2,430.64","2,172.88",56.00K,1.71%
07/27/2021,2301.45,"2,228.33","2,318.00","2,152.76",44.82K,3.30%
07/28/2021,2299.52,"2,300.35","2,344.70","2,244.23",40.42K,-0.08%
07/29/2021,2382.29,"2,299.52","2,399.15","2,266.72",28.51K,3.60%
07/30/2021,2461.33,"2,382.51","2,469.43","2,316.75",35.78K,3.32%
07/31/2021,2528.85,"2,459.61","2,552.09","2,421.11",22.78K,2.74%
08/01/2021,2554.78,"2,531.41","2,696.68","2,512.20",41.80K,1.03%
08/02/2021,2606.99,"2,555.13","2,664.82","2,508.70",35.57K,2.04%
08/03/2021,2508.37,"2,606.99","2,631.40","2,445.57",35.31K,-3.78%
08/04/2021,2725.33,"2,508.60","2,768.77","2,459.27",29.03K,8.65%
08/05/2021,2827.52,"2,724.86","2,843.32","2,531.58",39.57K,3.75%
08/06/2021,2890.62,"2,827.52","2,946.43","2,721.55",28.59K,2.23%
08/07/2021,3159.39,"2,891.41","3,169.51","2,865.78",30.26K,9.30%
08/08/2021,3013.69,"3,159.32","3,188.54","2,950.07",31.46K,-4.61%
08/09/2021,3162.05,"3,011.23","3,185.37","2,895.64",34.54K,4.92%
08/10/2021,3139.33,"3,161.37","3,230.45","3,053.51",29.07K,-0.72%
08/11/2021,3162.71,"3,139.69","3,273.26","3,121.62",25.96K,0.74%
08/12/2021,3047.01,"3,161.85","3,237.89","2,980.41",36.06K,-3.66%
08/13/2021,3321.78,"3,047.01","3,325.25","3,034.71",26.72K,9.02%
08/14/2021,3264.44,"3,321.78","3,329.95","3,206.12",24.14K,-1.73%
08/15/2021,3308.41,"3,264.15","3,319.27","3,112.92",27.73K,1.35%
08/16/2021,3146.57,"3,308.16","3,334.21","3,134.38",29.12K,-4.89%
08/17/2021,3012.34,"3,146.81","3,290.36","2,993.10",44.72K,-4.27%
08/18/2021,3015.62,"3,011.54","3,123.48","2,951.66",42.91K,0.11%
08/19/2021,3182.59,"3,016.58","3,187.21","2,960.64",36.29K,5.54%
08/20/2021,3283.51,"3,182.60","3,299.87","3,176.85",19.54K,3.17%
08/21/2021,3223.91,"3,285.12","3,307.33","3,200.19",421.17K,-1.82%
08/22/2021,3238.08,"3,224.07","3,271.96","3,128.01",406.49K,0.44%
08/23/2021,3323.05,"3,232.53","3,375.02","3,231.63",602.09K,2.62%
08/24/2021,3173.35,"3,324.58","3,357.83","3,150.40",540.54K,-4.50%
08/25/2021,3228.4,"3,170.02","3,247.63","3,080.42",483.75K,1.73%
08/26/2021,3092.48,"3,227.26","3,249.50","3,055.01",441.86K,-4.21%
08/27/2021,3273.57,"3,095.81","3,279.99","3,061.79",451.38K,5.86%
08/28/2021,3244.01,"3,273.88","3,284.73","3,212.53",262.35K,-0.90%
08/29/2021,3221.81,"3,244.64","3,281.27","3,156.24",335.83K,-0.68%
08/30/2021,3228.54,"3,223.36","3,346.21","3,145.69",625.34K,0.21%
08/31/2021,3429.45,"3,229.05","3,468.60","3,191.48",863.10K,6.22%
09/01/2021,3835.96,"3,424.29","3,840.00","3,384.89",845.43K,11.85%
09/02/2021,3786.14,"3,826.43","3,833.42","3,722.78",525.42K,-1.30%
09/03/2021,3934.83,"3,785.63","4,025.06","3,716.75",655.82K,3.93%
09/04/2021,3885.0,"3,938.54","3,968.68","3,832.52",364.58K,-1.27%
09/05/2021,3950.91,"3,886.77","3,979.00","3,835.01",365.75K,1.70%
09/06/2021,3927.43,"3,950.29","3,968.00","3,866.73",397.78K,-0.59%
09/07/2021,3422.38,"3,926.66","3,945.67","3,029.27",1.20M,-12.86%
09/08/2021,3499.27,"3,436.28","3,558.99","3,215.32",780.72K,2.25%
09/09/2021,3422.99,"3,497.93","3,564.31","3,395.09",628.54K,-2.18%
09/10/2021,3210.63,"3,421.42","3,512.49","3,155.60",633.01K,-6.20%
09/11/2021,3267.27,"3,211.33","3,345.00","3,202.83",413.63K,1.76%
09/12/2021,3407.9,"3,261.32","3,471.71","3,231.40",408.86K,4.30%
09/13/2021,3285.09,"3,401.16","3,428.87","3,117.75",647.87K,-3.60%
09/14/2021,3430.91,"3,285.83","3,430.91","3,270.69",373.34K,4.44%
09/15/2021,3611.32,"3,433.88","3,611.32","3,360.48",428.77K,5.26%
09/16/2021,3567.68,"3,614.51","3,672.93","3,488.03",468.16K,-1.21%
09/17/2021,3398.38,"3,567.89","3,593.31","3,352.78",398.88K,-4.75%
09/18/2021,3436.22,"3,401.18","3,539.57","3,371.10",315.12K,1.11%
09/19/2021,3328.23,"3,435.60","3,455.36","3,281.91",312.95K,-3.14%
09/20/2021,2975.9,"3,334.06","3,343.83","2,933.47",917.82K,-10.59%
09/21/2021,2765.14,"2,978.16","3,100.93","2,662.50",971.49K,-7.08%
09/22/2021,3077.76,"2,769.40","3,087.92","2,740.58",677.62K,11.31%
09/23/2021,3152.67,"3,076.23","3,173.14","3,035.15",459.46K,2.43%
09/24/2021,2928.24,"3,152.02","3,157.89","2,740.03",932.09K,-7.12%
09/25/2021,2921.91,"2,928.56","2,965.49","2,809.42",491.98K,-0.22%
09/26/2021,3063.32,"2,923.34","3,113.37","2,739.59",703.59K,4.84%
09/27/2021,2926.02,"3,057.50","3,164.20","2,926.02",510.07K,-4.48%
09/28/2021,2807.67,"2,920.35","2,969.01","2,791.10",511.61K,-4.04%
09/29/2021,2851.72,"2,803.84","2,949.06","2,785.64",411.25K,1.57%
09/30/2021,2999.86,"2,849.34","3,047.00","2,837.55",506.99K,5.19%
10/01/2021,3309.58,"2,998.46","3,328.74","2,972.91",648.73K,10.32%
10/02/2021,3388.26,"3,310.94","3,468.30","3,258.28",422.51K,2.38%
10/03/2021,3416.18,"3,390.74","3,485.00","3,347.32",360.64K,0.82%
10/04/2021,3383.17,"3,417.06","3,436.13","3,272.33",485.18K,-0.97%
10/05/2021,3517.82,"3,386.15","3,540.83","3,364.83",393.90K,3.98%
10/06/2021,3575.58,"3,514.94","3,627.08","3,345.56",618.23K,1.64%
10/07/2021,3586.93,"3,575.39","3,649.64","3,473.54",486.11K,0.32%
10/08/2021,3559.24,"3,586.69","3,668.14","3,537.94",403.54K,-0.77%
10/09/2021,3574.23,"3,564.99","3,630.33","3,542.00",361.87K,0.42%
10/10/2021,3414.72,"3,573.89","3,599.23","3,409.25",580.26K,-4.46%
10/11/2021,3545.08,"3,413.29","3,622.89","3,382.58",493.49K,3.82%
10/12/2021,3489.0,"3,541.35","3,544.88","3,404.64",409.44K,-1.58%
10/13/2021,3607.21,"3,490.76","3,611.83","3,415.45",393.40K,3.39%
10/14/2021,3790.18,"3,609.00","3,819.81","3,588.20",481.88K,5.07%
10/15/2021,3868.99,"3,790.95","3,906.54","3,735.10",504.33K,2.08%
10/16/2021,3828.25,"3,872.68","3,967.73","3,804.46",373.76K,-1.05%
10/17/2021,3844.63,"3,829.47","3,917.62","3,666.11",368.80K,0.43%
10/18/2021,3747.62,"3,849.34","3,892.36","3,685.35",401.93K,-2.52%
10/19/2021,3876.71,"3,745.28","3,884.23","3,733.81",341.28K,3.44%
10/20/2021,4160.21,"3,882.65","4,168.40","3,830.31",537.35K,7.31%
10/21/2021,4054.15,"4,161.79","4,365.70","4,028.35",798.63K,-2.55%
10/22/2021,3970.9,"4,053.34","4,163.97","3,896.17",463.25K,-2.05%
10/23/2021,4168.78,"3,971.49","4,168.78","3,938.36",326.59K,4.98%
10/24/2021,4083.18,"4,171.99","4,183.98","3,965.55",350.13K,-2.05%
10/25/2021,4220.35,"4,084.10","4,235.25","4,069.92",347.43K,3.36%
10/26/2021,4129.69,"4,225.63","4,292.35","4,098.35",414.49K,-2.15%
10/27/2021,3921.72,"4,130.52","4,300.31","3,914.22",704.44K,-5.04%
10/28/2021,4284.51,"3,923.58","4,289.44","3,895.91",626.56K,9.25%
10/29/2021,4413.79,"4,286.51","4,459.04","4,268.25",559.06K,3.02%
10/30/2021,4321.56,"4,420.46","4,427.46","4,250.84",340.24K,-2.09%
10/31/2021,4287.6,"4,327.99","4,393.48","4,170.48",413.75K,-0.79%
11/01/2021,4320.91,"4,288.93","4,377.37","4,158.07",417.62K,0.78%
11/02/2021,4585.74,"4,318.80","4,598.12","4,287.86",468.16K,6.13%
11/03/2021,4602.42,"4,589.26","4,661.14","4,459.50",448.68K,0.36%
11/04/2021,4535.53,"4,603.78","4,604.98","4,421.72",368.26K,-1.45%
11/05/2021,4474.98,"4,533.16","4,569.43","4,439.00",305.64K,-1.34%
11/06/2021,4517.27,"4,473.03","4,526.66","4,330.83",322.09K,0.95%
11/07/2021,4611.73,"4,516.46","4,634.35","4,502.38",243.69K,2.09%
11/08/2021,4808.09,"4,613.20","4,822.96","4,613.20",391.09K,4.26%
11/09/2021,4731.68,"4,804.50","4,836.54","4,715.36",311.31K,-1.59%
11/10/2021,4633.95,"4,732.74","4,864.13","4,507.15",553.55K,-2.07%
11/11/2021,4720.86,"4,625.11","4,778.09","4,578.99",303.77K,1.88%
11/12/2021,4665.46,"4,718.28","4,807.78","4,512.66",461.58K,-1.17%
11/13/2021,4644.58,"4,669.97","4,704.89","4,585.21",220.73K,-0.45%
11/14/2021,4625.76,"4,644.94","4,692.28","4,514.81",245.31K,-0.41%
11/15/2021,4563.04,"4,634.28","4,770.01","4,544.21",375.48K,-1.36%
11/16/2021,4208.42,"4,562.12","4,562.12","4,111.94",735.80K,-7.77%
11/17/2021,4290.99,"4,208.75","4,298.72","4,070.81",472.87K,1.96%
11/18/2021,4003.13,"4,291.23","4,342.67","3,958.35",576.62K,-6.71%
11/19/2021,4295.39,"3,996.26","4,305.18","3,978.34",420.39K,7.30%
11/20/2021,4408.0,"4,294.75","4,434.09","4,206.02",365.23K,2.62%
11/21/2021,4268.16,"4,412.18","4,422.54","4,246.31",340.07K,-3.17%
11/22/2021,4086.52,"4,263.24","4,311.17","4,026.64",518.63K,-4.26%
11/23/2021,4340.45,"4,088.03","4,384.72","4,062.19",502.79K,6.21%
11/24/2021,4270.0,"4,338.75","4,372.80","4,171.89",448.73K,-1.62%
11/25/2021,4519.71,"4,272.28","4,549.18","4,248.98",445.83K,5.85%
11/26/2021,4034.41,"4,525.51","4,547.70","3,916.62",720.21K,-10.74%
11/27/2021,4093.56,"4,041.65","4,182.66","4,028.52",275.44K,1.47%
11/28/2021,4297.52,"4,094.97","4,297.52","3,980.00",346.50K,4.98%
11/29/2021,4442.82,"4,300.00","4,457.00","4,279.54",406.97K,3.38%
11/30/2021,4631.22,"4,442.62","4,748.00","4,348.96",742.65K,4.24%
12/01/2021,4582.96,"4,630.52","4,778.00","4,524.92",508.22K,-1.04%
12/02/2021,4512.71,"4,583.02","4,630.11","4,437.49",451.88K,-1.53%
12/03/2021,4217.78,"4,512.71","4,646.83","4,045.17",677.86K,-6.54%
12/04/2021,4118.06,"4,213.57","4,237.33","3,561.06",1.11M,-2.36%
12/05/2021,4194.6,"4,123.56","4,247.57","4,035.80",536.33K,1.86%
12/06/2021,4352.66,"4,197.06","4,374.22","3,922.04",726.73K,3.77%
12/07/2021,4307.11,"4,350.79","4,424.22","4,259.06",420.89K,-1.05%
12/08/2021,4435.24,"4,308.26","4,449.85","4,229.16",429.38K,2.97%
12/09/2021,4107.82,"4,437.94","4,482.76","4,077.94",462.01K,-7.38%
12/10/2021,3903.58,"4,107.70","4,227.84","3,894.26",563.20K,-4.97%
12/11/2021,4075.23,"3,896.72","4,094.73","3,837.15",427.79K,4.40%
12/12/2021,4131.84,"4,089.38","4,173.15","3,988.22",260.68K,1.39%
12/13/2021,3780.13,"4,126.81","4,140.73","3,672.30",533.47K,-8.51%
12/14/2021,3860.41,"3,783.53","3,879.48","3,690.04",395.14K,2.12%
12/15/2021,4018.94,"3,859.06","4,089.65","3,648.77",542.03K,4.11%
12/16/2021,3956.35,"4,023.92","4,107.85","3,955.35",368.81K,-1.56%
12/17/2021,3878.43,"3,959.05","3,994.00","3,702.29",463.29K,-1.97%
12/18/2021,3959.77,"3,881.81","3,992.51","3,770.62",339.77K,2.10%
12/19/2021,3925.8,"3,959.00","4,024.80","3,890.82",306.00K,-0.86%
12/20/2021,3944.49,"3,923.62","3,978.42","3,757.35",366.91K,0.48%
12/21/2021,4016.27,"3,956.37","4,058.42","3,915.49",340.87K,1.82%
12/22/2021,3979.47,"4,014.00","4,072.10","3,943.62",303.22K,-0.92%
12/23/2021,4109.7,"3,980.37","4,148.85","3,895.82",380.18K,3.27%
12/24/2021,4043.19,"4,112.30","4,133.72","4,025.43",230.85K,-1.62%
12/25/2021,4092.69,"4,046.98","4,135.67","4,025.33",208.14K,1.22%
12/26/2021,4061.17,"4,095.72","4,103.98","4,005.01",189.16K,-0.77%
12/27/2021,4036.24,"4,064.58","4,125.11","4,033.26",222.31K,-0.61%
12/28/2021,3793.17,"4,037.04","4,037.04","3,761.00",358.06K,-6.02%
12/29/2021,3627.17,"3,798.51","3,826.10","3,607.76",302.75K,-4.38%
12/30/2021,3709.42,"3,629.32","3,767.96","3,588.14",249.32K,2.27%
12/31/2021,3677.7,"3,709.19","3,812.06","3,623.69",268.02K,-0.86%
01/01/2022,3765.36,"3,679.41","3,774.77","3,675.68",154.15K,2.38%
01/02/2022,3831.24,"3,765.75","3,850.00","3,718.31",154.75K,1.75%
01/03/2022,3764.48,"3,828.20","3,849.03","3,682.57",236.28K,-1.74%
01/04/2022,3790.83,"3,772.46","3,888.86","3,714.78",288.10K,0.70%
01/05/2022,3535.07,"3,784.10","3,846.31","3,419.20",397.44K,-6.75%
01/06/2022,3407.21,"3,533.73","3,550.42","3,306.91",497.14K,-3.62%
01/07/2022,3195.35,"3,412.43","3,412.66","3,080.30",669.76K,-6.22%
01/08/2022,3079.66,"3,198.50","3,246.40","3,001.63",400.68K,-3.62%
01/09/2022,3150.42,"3,080.01","3,210.49","3,060.36",275.88K,2.30%
01/10/2022,3085.46,"3,146.03","3,179.99","2,932.51",529.76K,-2.06%
01/11/2022,3237.93,"3,083.14","3,263.07","3,053.61",362.47K,4.94%
01/12/2022,3370.48,"3,239.73","3,406.50","3,208.47",370.47K,4.09%
01/13/2022,3242.44,"3,368.76","3,407.33","3,234.85",336.22K,-3.80%
01/14/2022,3307.74,"3,242.82","3,340.98","3,196.46",285.40K,2.01%
01/15/2022,3328.08,"3,310.73","3,369.45","3,265.36",203.07K,0.61%
01/16/2022,3346.47,"3,326.25","3,387.99","3,276.74",210.78K,0.55%
01/17/2022,3209.25,"3,348.40","3,356.40","3,142.02",284.01K,-4.10%
01/18/2022,3159.96,"3,212.42","3,242.13","3,084.78",299.19K,-1.54%
01/19/2022,3084.2,"3,165.57","3,173.14","3,049.30",332.96K,-2.40%
01/20/2022,3004.19,"3,088.04","3,270.58","2,989.72",357.36K,-2.59%
01/21/2022,2571.12,"3,000.15","3,032.34","2,473.50",1.02M,-14.42%
01/22/2022,2412.48,"2,562.66","2,621.41","2,314.30",1.08M,-6.17%
01/23/2022,2540.45,"2,412.75","2,547.01","2,373.75",580.48K,5.30%
01/24/2022,2440.81,"2,538.36","2,538.36","2,161.68",1.12M,-3.92%
01/25/2022,2458.27,"2,441.11","2,504.39","2,352.56",510.13K,0.72%
01/26/2022,2461.3,"2,458.70","2,719.55","2,405.68",806.50K,0.12%
01/27/2022,2424.67,"2,462.31","2,515.04","2,317.01",599.47K,-1.49%
01/28/2022,2545.99,"2,424.71","2,556.10","2,362.78",485.15K,5.00%
01/29/2022,2600.33,"2,544.15","2,632.15","2,520.02",376.60K,2.13%
01/30/2022,2602.6,"2,600.91","2,635.79","2,543.85",290.81K,0.09%
01/31/2022,2686.66,"2,603.33","2,704.51","2,478.70",444.43K,3.23%
02/01/2022,2786.91,"2,686.99","2,807.54","2,676.56",390.04K,3.73%
02/02/2022,2680.68,"2,790.14","2,809.39","2,618.96",447.78K,-3.81%
02/03/2022,2692.97,"2,678.91","2,724.13","2,579.77",404.78K,0.46%
02/04/2022,2994.99,"2,695.99","2,994.99","2,671.48",664.12K,11.22%
02/05/2022,3013.48,"2,990.00","3,058.84","2,962.77",356.93K,0.62%
02/06/2022,3056.4,"3,016.80","3,073.18","2,957.03",249.44K,1.42%
02/07/2022,3139.68,"3,055.69","3,185.57","2,995.81",455.07K,2.72%
02/08/2022,3115.8,"3,145.15","3,228.28","3,030.10",514.78K,-0.76%
02/09/2022,3243.32,"3,118.96","3,266.33","3,056.08",370.17K,4.09%
02/10/2022,3071.51,"3,243.47","3,276.46","3,058.05",578.28K,-5.30%
02/11/2022,2927.53,"3,072.47","3,136.72","2,880.09",462.06K,-4.69%
02/12/2022,2916.88,"2,927.54","2,984.90","2,858.57",336.19K,-0.36%
02/13/2022,2871.02,"2,915.72","2,952.96","2,838.25",242.75K,-1.57%
02/14/2022,2928.97,"2,877.92","2,963.96","2,834.38",381.79K,2.02%
02/15/2022,3181.93,"2,934.14","3,193.04","2,912.49",448.94K,8.64%
02/16/2022,3122.02,"3,184.08","3,184.77","3,045.72",320.00K,-1.88%
02/17/2022,2893.95,"3,125.09","3,159.99","2,855.83",488.73K,-7.31%
02/18/2022,2779.49,"2,891.89","2,942.95","2,754.12",503.02K,-3.96%
02/19/2022,2763.76,"2,776.84","2,829.00","2,700.13",293.74K,-0.57%
02/20/2022,2618.76,"2,764.39","2,764.39","2,577.69",386.43K,-5.25%
02/21/2022,2570.49,"2,621.87","2,755.44","2,559.61",761.63K,-1.84%
02/22/2022,2637.25,"2,569.18","2,662.71","2,501.02",692.64K,2.60%
02/23/2022,2578.09,"2,641.33","2,749.47","2,578.09",504.19K,-2.24%
02/24/2022,2596.16,"2,578.87","2,734.17","2,302.82",1.40M,0.70%
02/25/2022,2767.33,"2,599.00","2,829.99","2,573.23",679.41K,6.59%
02/26/2022,2776.37,"2,768.64","2,856.11","2,734.80",418.49K,0.33%
02/27/2022,2616.15,"2,779.56","2,834.24","2,563.00",650.22K,-5.77%
02/28/2022,2922.35,"2,615.01","2,949.39","2,573.85",733.69K,11.70%
03/01/2022,2975.66,"2,921.68","3,036.54","2,858.40",673.93K,1.82%
03/02/2022,2946.73,"2,974.70","3,041.47","2,914.56",614.66K,-0.97%
03/03/2022,2834.85,"2,947.52","2,967.27","2,789.82",446.18K,-3.80%
03/04/2022,2622.15,"2,831.86","2,835.89","2,575.66",1.50B,-7.50%
03/05/2022,2665.42,"2,619.90","2,684.50","2,592.07",709.83M,1.65%
03/06/2022,2549.4,"2,665.15","2,673.19","2,542.19",881.04M,-4.35%
03/07/2022,2492.53,"2,550.36","2,645.41","2,447.74",1.58B,-2.23%
03/08/2022,2577.21,"2,495.25","2,623.99","2,483.29",1.44B,3.40%
03/09/2022,2726.94,"2,576.52","2,772.09","2,569.13",1.52B,5.81%
03/10/2022,2606.5,"2,727.33","2,731.37","2,559.90",1.46B,-4.42%
03/11/2022,2556.96,"2,606.74","2,670.05","2,525.20",1.28B,-1.90%
03/12/2022,2569.8,"2,555.85","2,612.33","2,555.85",567.22M,0.50%
03/13/2022,2516.75,"2,567.87","2,600.65","2,494.59",811.51M,-2.06%
03/14/2022,2589.3,"2,515.08","2,608.68","2,500.12",991.76M,2.88%
03/15/2022,2617.43,"2,589.54","2,667.61","2,510.75",1.19B,1.09%
03/16/2022,2773.94,"2,618.03","2,787.12","2,603.80",1.79B,5.98%
03/17/2022,2812.29,"2,773.80","2,832.61","2,747.06",1.06B,1.38%
03/18/2022,2939.76,"2,813.44","2,983.11","2,768.65",1.59B,4.53%
03/19/2022,2949.67,"2,940.68","2,984.00","2,895.22",325.74K,0.34%
03/20/2022,2861.79,"2,950.91","2,962.04","2,819.29",377.64K,-2.98%
03/21/2022,2891.76,"2,863.45","2,960.42","2,830.00",450.16K,1.05%
03/22/2022,2969.68,"2,889.29","3,048.28","2,887.66",564.88K,2.69%
03/23/2022,3036.14,"2,967.76","3,042.35","2,926.33",453.91K,2.24%
03/24/2022,3110.75,"3,036.40","3,126.35","3,006.27",577.17K,2.46%
03/25/2022,3103.46,"3,108.59","3,192.73","3,081.99",489.65K,-0.23%
03/26/2022,3146.08,"3,102.44","3,150.05","3,085.70",207.13K,1.37%
03/27/2022,3295.65,"3,144.50","3,297.48","3,126.39",335.47K,4.75%
03/28/2022,3329.2,"3,292.51","3,428.36","3,275.09",527.18K,1.02%
03/29/2022,3402.07,"3,331.10","3,481.35","3,331.10",465.95K,2.19%
03/30/2022,3385.69,"3,400.05","3,445.93","3,333.46",356.07K,-0.48%
03/31/2022,3282.39,"3,381.92","3,444.56","3,263.29",455.13K,-3.05%
04/01/2022,3456.35,"3,285.33","3,478.28","3,215.87",532.22K,5.30%
04/02/2022,3442.29,"3,451.18","3,529.92","3,436.01",499.88K,-0.41%
04/03/2022,3521.13,"3,446.00","3,579.96","3,414.61",381.60K,2.29%
04/04/2022,3520.39,"3,519.01","3,544.96","3,412.18",450.09K,-0.02%
04/05/2022,3407.03,"3,519.52","3,554.98","3,401.00",397.75K,-3.22%
04/06/2022,3169.48,"3,402.47","3,402.47","3,164.17",736.31K,-6.97%
04/07/2022,3228.94,"3,169.82","3,268.68","3,143.57",458.17K,1.88%
04/08/2022,3193.93,"3,229.22","3,311.44","3,174.12",502.42K,-1.08%
04/09/2022,3260.0,"3,191.21","3,268.11","3,181.94",212.24K,2.07%
04/10/2022,3201.61,"3,259.73","3,305.97","3,197.99",232.20K,-1.79%
04/11/2022,2978.08,"3,200.66","3,213.44","2,953.82",693.47K,-6.98%
04/12/2022,3027.65,"2,981.98","3,081.81","2,951.78",579.52K,1.66%
04/13/2022,3116.93,"3,030.25","3,128.32","2,999.53",419.10K,2.95%
04/14/2022,3021.98,"3,119.28","3,143.21","2,982.05",408.41K,-3.05%
04/15/2022,3042.4,"3,020.72","3,057.36","2,996.52",249.61K,0.68%
04/16/2022,3058.82,"3,040.54","3,085.30","3,011.70",176.37K,0.54%
04/17/2022,2989.19,"3,061.34","3,081.14","2,983.17",243.71K,-2.28%
04/18/2022,3055.8,"2,989.10","3,068.84","2,887.77",510.24K,2.23%
04/19/2022,3101.97,"3,055.42","3,128.70","3,030.34",358.62K,1.51%
04/20/2022,3076.44,"3,101.72","3,161.69","3,037.59",415.97K,-0.82%
04/21/2022,2984.0,"3,076.03","3,176.64","2,951.71",562.65K,-3.00%
04/22/2022,2963.0,"2,983.44","3,029.00","2,937.52",452.46K,-0.70%
04/23/2022,2931.94,"2,962.60","2,977.34","2,917.79",187.51K,-1.05%
04/24/2022,2922.01,"2,931.49","2,966.92","2,916.15",218.91K,-0.34%
04/25/2022,3005.87,"2,919.88","3,022.96","2,800.28",619.18K,2.87%
04/26/2022,2810.34,"3,010.71","3,032.35","2,767.46",531.10K,-6.50%
04/27/2022,2888.94,"2,810.84","2,915.85","2,795.80",489.15K,2.80%
04/28/2022,2937.1,"2,888.96","2,977.49","2,856.35",537.38K,1.67%
04/29/2022,2816.59,"2,937.91","2,946.28","2,778.19",525.92K,-4.10%
04/30/2022,2727.1,"2,817.13","2,841.05","2,715.95",367.77K,-3.18%
05/01/2022,2825.64,"2,728.62","2,846.96","2,721.28",442.52K,3.61%
05/02/2022,2855.98,"2,825.71","2,879.63","2,780.00",521.74K,1.07%
05/03/2022,2781.46,"2,856.42","2,861.42","2,757.48",371.37K,-2.61%
05/04/2022,2940.55,"2,781.95","2,963.50","2,774.00",548.71K,5.72%
05/05/2022,2747.49,"2,941.56","2,952.72","2,725.78",734.89K,-6.57%
05/06/2022,2692.85,"2,747.96","2,756.97","2,635.99",711.46K,-1.99%
05/07/2022,2636.02,"2,692.94","2,703.09","2,588.99",371.49K,-2.11%
05/08/2022,2520.01,"2,635.54","2,641.71","2,493.43",757.54K,-4.40%
05/09/2022,2229.1,"2,519.91","2,529.19","2,229.10",1.57M,-11.54%
05/10/2022,2342.04,"2,228.68","2,455.19","2,202.08",1.55M,5.07%
05/11/2022,2078.8,"2,342.41","2,451.16","2,007.05",2.02M,-11.24%
05/12/2022,1954.45,"2,087.04","2,190.20","1,800.00",2.31M,-5.98%
05/13/2022,2009.55,"1,956.16","2,145.99","1,941.34",1.13M,2.82%
05/14/2022,2056.34,"2,012.25","2,068.49","1,952.05",563.94K,2.33%
05/15/2022,2146.0,"2,056.48","2,161.29","2,001.70",514.29K,4.36%
05/16/2022,2022.99,"2,142.46","2,142.46","1,979.68",822.14K,-5.73%
05/17/2022,2091.13,"2,022.16","2,120.01","2,008.76",568.26K,3.37%
05/18/2022,1911.83,"2,089.35","2,108.67","1,909.81",631.28K,-8.57%
05/19/2022,2019.33,"1,914.03","2,039.71","1,903.70",741.66K,5.62%
05/20/2022,1959.93,"2,019.29","2,060.96","1,923.87",577.01K,-2.94%
05/21/2022,1975.16,"1,960.94","1,989.60","1,940.80",238.97K,0.78%
05/22/2022,2043.28,"1,974.80","2,055.04","1,966.33",355.73K,3.45%
05/23/2022,1972.98,"2,041.27","2,086.17","1,959.59",636.08K,-3.44%
05/24/2022,1979.4,"1,975.01","1,992.64","1,914.53",534.11K,0.33%
05/25/2022,1942.91,"1,978.31","2,020.48","1,937.64",524.69K,-1.84%
05/26/2022,1793.48,"1,943.03","1,964.97","1,744.99",1.17M,-7.69%
05/27/2022,1724.33,"1,795.41","1,820.74","1,707.56",1.30M,-3.86%
05/28/2022,1792.22,"1,727.44","1,807.66","1,722.84",558.27K,3.94%
05/29/2022,1813.52,"1,792.79","1,824.72","1,764.68",432.42K,1.19%
05/30/2022,1998.3,"1,811.64","2,009.74","1,804.34",814.80K,10.19%
05/31/2022,1941.78,"1,999.39","2,015.00","1,929.13",751.05K,-2.83%
06/01/2022,1817.65,"1,942.49","1,971.05","1,772.02",1.04M,-6.39%
06/02/2022,1834.65,"1,818.21","1,850.98","1,784.03",789.00K,0.94%
06/03/2022,1775.22,"1,833.97","1,843.18","1,741.14",741.38K,-3.24%
06/04/2022,1804.57,"1,775.23","1,815.16","1,748.87",388.27K,1.65%
06/05/2022,1806.14,"1,806.15","1,829.09","1,773.48",371.98K,0.09%
06/06/2022,1860.0,"1,807.58","1,919.35","1,804.74",804.36K,2.98%
06/07/2022,1812.94,"1,860.08","1,870.92","1,727.74",1.40M,-2.53%
06/08/2022,1792.96,"1,812.54","1,837.38","1,766.89",941.29K,-1.10%
06/09/2022,1788.0,"1,792.10","1,832.69","1,778.03",535.62K,-0.28%
06/10/2022,1663.02,"1,787.36","1,803.72","1,657.30",955.13K,-6.99%
06/11/2022,1531.39,"1,664.09","1,681.47","1,503.11",1.22M,-7.92%
06/12/2022,1435.29,"1,533.29","1,541.83","1,430.97",1.56M,-6.28%
06/13/2022,1206.34,"1,434.13","1,453.99","1,168.65",3.63M,-15.95%
06/14/2022,1210.94,"1,207.01","1,261.07","1,078.41",2.72M,0.38%
06/15/2022,1237.95,"1,208.73","1,244.65","1,016.99",3.12M,2.23%
06/16/2022,1068.54,"1,239.65","1,254.25","1,052.60",1.45M,-13.68%
06/17/2022,1086.58,"1,069.98","1,116.54","1,052.31",1.22M,1.69%
06/18/2022,995.58,"1,085.65","1,097.02",883.62,2.31M,-8.37%
06/19/2022,1128.45,994.81,"1,151.94",938.34,2.02M,13.35%
06/20/2022,1128.29,"1,129.35","1,165.53","1,056.99",1.72M,-0.01%
06/21/2022,1126.06,"1,128.00","1,192.85","1,110.85",1.31M,-0.20%
06/22/2022,1049.07,"1,127.17","1,127.17","1,045.72",1.31M,-6.84%
06/23/2022,1144.31,"1,049.17","1,153.00","1,046.74",1.28M,9.08%
06/24/2022,1225.11,"1,145.78","1,244.94","1,132.95",1.34M,7.06%
06/25/2022,1241.8,"1,226.08","1,255.68","1,181.23",861.79K,1.36%
06/26/2022,1197.82,"1,242.64","1,276.78","1,196.04",884.36K,-3.54%
06/27/2022,1190.87,"1,197.74","1,237.01","1,176.92",868.59K,-0.58%
06/28/2022,1144.02,"1,191.91","1,234.79","1,137.70",1.10M,-3.93%
06/29/2022,1099.54,"1,143.78","1,155.04","1,088.01",1.30M,-3.89%
06/30/2022,1068.66,"1,100.01","1,106.00","1,000.89",1.42M,-2.81%
07/01/2022,1058.91,"1,071.20","1,109.73","1,035.88",1.56M,-0.91%
07/02/2022,1066.62,"1,059.82","1,077.50","1,029.11",714.86K,0.73%
07/03/2022,1074.06,"1,067.52","1,086.86","1,041.71",644.78K,0.70%
07/04/2022,1151.27,"1,073.62","1,159.96","1,046.02",1.15M,7.19%
07/05/2022,1134.03,"1,149.84","1,170.80","1,079.38",1.40M,-1.50%
07/06/2022,1186.48,"1,133.22","1,201.78","1,112.09",1.21M,4.63%
07/07/2022,1238.19,"1,186.57","1,252.76","1,163.93",1.00M,4.36%
07/08/2022,1216.52,"1,239.60","1,275.99","1,194.15",1.19M,-1.75%
07/09/2022,1216.93,"1,214.91","1,232.61","1,205.30",577.18K,0.03%
07/10/2022,1167.35,"1,217.12","1,219.23","1,155.40",1.02M,-4.07%
07/11/2022,1096.45,"1,168.06","1,170.64","1,093.40",1.20M,-6.07%
07/12/2022,1038.63,"1,095.73","1,097.76","1,036.00",1.26M,-5.27%
07/13/2022,1115.93,"1,039.72","1,116.24","1,012.57",2.04M,7.44%
07/14/2022,1192.78,"1,114.20","1,209.98","1,072.42",1.61M,6.89%
07/15/2022,1230.92,"1,192.83","1,284.94","1,182.19",1.47M,3.20%
07/16/2022,1355.97,"1,231.15","1,399.56","1,192.09",1.49M,10.16%
07/17/2022,1337.84,"1,355.83","1,385.32","1,323.20",1.25M,-1.34%
07/18/2022,1584.77,"1,339.09","1,590.80","1,336.74",2.03M,18.46%
07/19/2022,1543.67,"1,583.31","1,619.81","1,494.75",1.85M,-2.59%
07/20/2022,1520.44,"1,542.29","1,618.14","1,488.54",1.35M,-1.50%
07/21/2022,1575.74,"1,520.44","1,599.48","1,466.17",1.25M,3.64%
07/22/2022,1534.78,"1,575.38","1,645.01","1,520.41",1.17M,-2.60%
07/23/2022,1549.56,"1,535.01","1,596.01","1,490.17",851.32K,0.96%
07/24/2022,1598.22,"1,548.90","1,659.76","1,547.82",1.01M,3.14%
07/25/2022,1438.62,"1,598.44","1,608.07","1,438.51",1.42M,-9.99%
07/26/2022,1450.91,"1,439.11","1,451.37","1,357.70",1.20M,0.85%
07/27/2022,1635.98,"1,449.63","1,643.90","1,421.13",1.51M,12.76%
07/28/2022,1726.11,"1,636.11","1,781.37","1,597.44",1.58M,5.51%
07/29/2022,1720.74,"1,724.62","1,764.69","1,658.16",1.21M,-0.31%
07/30/2022,1695.79,"1,724.17","1,741.21","1,674.38",735.78K,-1.45%
07/31/2022,1680.07,"1,697.31","1,753.41","1,667.34",695.92K,-0.93%
08/01/2022,1630.15,"1,676.56","1,702.56","1,607.39",801.65K,-2.97%
08/02/2022,1631.44,"1,631.57","1,675.49","1,559.54",1.08M,0.08%
08/03/2022,1618.04,"1,630.76","1,682.28","1,591.57",777.72K,-0.82%
08/04/2022,1606.94,"1,616.55","1,661.11","1,581.34",735.60K,-0.69%
08/05/2022,1737.91,"1,608.25","1,740.29","1,605.76",1.01M,8.15%
08/06/2022,1690.56,"1,735.36","1,749.44","1,687.95",523.51K,-2.72%
08/07/2022,1700.27,"1,690.64","1,728.97","1,669.40",440.09K,0.57%
08/08/2022,1778.35,"1,699.74","1,813.17","1,694.81",781.51K,4.59%
08/09/2022,1702.8,"1,777.56","1,789.61","1,668.56",818.27K,-4.25%
08/10/2022,1853.42,"1,702.45","1,881.18","1,657.55",1.32M,8.85%
08/11/2022,1880.29,"1,852.61","1,930.68","1,850.70",1.11M,1.45%
08/12/2022,1957.55,"1,880.66","1,961.46","1,856.91",717.57K,4.11%
08/13/2022,1983.54,"1,957.75","2,019.01","1,946.62",695.89K,1.33%
08/14/2022,1935.03,"1,983.08","2,028.43","1,909.47",569.54K,-2.45%
08/15/2022,1900.25,"1,936.25","2,012.06","1,873.46",949.19K,-1.80%
08/16/2022,1876.68,"1,898.49","1,914.06","1,856.40",622.79K,-1.24%
08/17/2022,1834.25,"1,877.71","1,956.78","1,821.01",951.83K,-2.26%
08/18/2022,1846.56,"1,834.25","1,880.27","1,822.06",605.82K,0.67%
08/19/2022,1609.52,"1,846.19","1,846.91","1,607.66",1.42M,-12.84%
08/20/2022,1575.58,"1,609.01","1,654.81","1,525.49",915.14K,-2.11%
08/21/2022,1618.23,"1,576.03","1,644.87","1,563.92",780.66K,2.71%
08/22/2022,1626.83,"1,617.45","1,627.12","1,531.89",940.86K,0.53%
08/23/2022,1665.4,"1,624.28","1,673.32","1,564.31",940.25K,2.37%
08/24/2022,1656.64,"1,665.31","1,691.29","1,606.04",744.71K,-0.53%
08/25/2022,1695.34,"1,655.87","1,720.89","1,654.73",602.95K,2.34%
08/26/2022,1507.97,"1,694.51","1,703.41","1,490.70",1.15M,-11.05%
08/27/2022,1490.76,"1,508.26","1,518.12","1,449.19",756.59K,-1.14%
08/28/2022,1426.2,"1,491.07","1,507.95","1,424.63",544.82K,-4.33%
08/29/2022,1552.52,"1,428.39","1,559.37","1,424.49",826.49K,8.86%
08/30/2022,1523.22,"1,551.63","1,605.36","1,475.59",1.00M,-1.89%
08/31/2022,1555.18,"1,525.06","1,616.98","1,525.06",949.31K,2.10%
09/01/2022,1585.48,"1,554.56","1,597.48","1,514.78",728.68K,1.95%
09/02/2022,1575.23,"1,586.17","1,647.58","1,547.63",919.04K,-0.65%
09/03/2022,1557.57,"1,574.65","1,581.55","1,536.06",321.44K,-1.12%
09/04/2022,1578.86,"1,557.35","1,580.72","1,541.18",296.58K,1.37%
09/05/2022,1617.49,"1,579.06","1,628.78","1,557.67",503.49K,2.45%
09/06/2022,1557.84,"1,618.72","1,686.30","1,555.87",1.01M,-3.69%
09/07/2022,1629.57,"1,560.30","1,657.16","1,493.38",850.81K,4.60%
09/08/2022,1634.78,"1,630.41","1,660.86","1,596.00",645.38K,0.32%
09/09/2022,1718.78,"1,635.36","1,743.38","1,631.22",837.41K,5.14%
09/10/2022,1774.35,"1,718.31","1,788.04","1,707.77",411.05K,3.23%
09/11/2022,1766.99,"1,775.84","1,786.76","1,722.53",409.26K,-0.41%
09/12/2022,1716.43,"1,762.70","1,782.70","1,694.02",631.59K,-2.86%
09/13/2022,1574.39,"1,716.08","1,751.19","1,562.19",1.13M,-8.28%
09/14/2022,1637.85,"1,574.63","1,646.08","1,556.95",764.36K,4.03%
09/15/2022,1472.52,"1,632.21","1,653.59","1,461.21",1.34M,-10.09%
09/16/2022,1433.95,"1,474.94","1,483.34","1,411.08",693.48K,-2.62%
09/17/2022,1468.69,"1,433.11","1,475.05","1,409.44",421.59K,2.42%
09/18/2022,1335.11,"1,469.13","1,469.13","1,327.28",804.34K,-9.10%
09/19/2022,1376.0,"1,334.82","1,391.48","1,284.75",974.88K,3.06%
09/20/2022,1323.32,"1,375.96","1,384.42","1,315.30",658.12K,-3.83%
09/21/2022,1247.9,"1,323.24","1,388.31","1,222.32",1.19M,-5.70%
09/22/2022,1325.99,"1,246.73","1,346.25","1,237.95",904.30K,6.26%
09/23/2022,1328.0,"1,326.63","1,356.61","1,265.29",974.02K,0.15%
09/24/2022,1317.0,"1,327.86","1,348.92","1,308.06",517.13K,-0.83%
09/25/2022,1294.21,"1,316.85","1,335.71","1,271.90",515.97K,-1.73%
09/26/2022,1337.01,"1,295.18","1,338.82","1,279.67",798.76K,3.31%
09/27/2022,1328.17,"1,336.22","1,399.49","1,305.56",860.65K,-0.66%
09/28/2022,1337.35,"1,329.00","1,354.65","1,261.29",919.43K,0.69%
09/29/2022,1336.1,"1,337.94","1,351.60","1,289.64",770.56K,-0.09%
09/30/2022,1328.72,"1,336.13","1,372.48","1,316.51",740.74K,-0.55%
10/01/2022,1311.78,"1,327.78","1,333.57","1,303.19",252.11K,-1.27%
10/02/2022,1275.52,"1,311.79","1,317.41","1,272.35",371.50K,-2.76%
10/03/2022,1323.4,"1,277.01","1,329.17","1,266.93",483.78K,3.75%
10/04/2022,1361.5,"1,323.22","1,367.13","1,318.77",476.23K,2.88%
10/05/2022,1352.05,"1,361.79","1,364.00","1,317.54",483.49K,-0.69%
10/06/2022,1352.16,"1,351.51","1,382.99","1,347.80",573.96K,0.01%
10/07/2022,1331.09,"1,351.95","1,361.20","1,319.21",492.04K,-1.56%
10/08/2022,1315.05,"1,330.77","1,336.65","1,304.07",203.43K,-1.21%
10/09/2022,1323.42,"1,315.28","1,328.54","1,308.18",186.23K,0.64%
10/10/2022,1290.03,"1,323.14","1,337.56","1,288.65",393.66K,-2.52%
10/11/2022,1279.96,"1,288.36","1,297.53","1,269.37",429.42K,-0.78%
10/12/2022,1294.57,"1,280.20","1,305.50","1,275.79",369.73K,1.14%
10/13/2022,1287.3,"1,294.50","1,299.70","1,196.64",945.59K,-0.56%
10/14/2022,1296.75,"1,287.28","1,342.04","1,284.09",669.75K,0.73%
10/15/2022,1274.93,"1,297.08","1,301.47","1,264.87",287.11K,-1.68%
10/16/2022,1305.95,"1,274.67","1,314.51","1,274.67",293.27K,2.43%
10/17/2022,1331.4,"1,305.59","1,338.38","1,296.43",459.86K,1.95%
10/18/2022,1310.81,"1,332.72","1,341.21","1,287.51",572.72K,-1.55%
10/19/2022,1285.34,"1,310.75","1,313.47","1,282.48",368.62K,-1.94%
10/20/2022,1282.82,"1,285.36","1,310.45","1,272.75",428.51K,-0.20%
10/21/2022,1299.75,"1,282.54","1,306.24","1,257.94",468.12K,1.32%
10/22/2022,1313.62,"1,300.42","1,318.74","1,294.59",221.77K,1.07%
10/23/2022,1364.19,"1,314.04","1,370.93","1,301.77",432.28K,3.85%
10/24/2022,1343.88,"1,363.68","1,369.31","1,324.22",611.84K,-1.49%
10/25/2022,1459.53,"1,343.62","1,522.29","1,335.36",1.13M,8.61%
10/26/2022,1566.13,"1,461.00","1,589.69","1,458.64",1.24M,7.30%
10/27/2022,1514.17,"1,564.83","1,575.90","1,508.23",869.62K,-3.32%
10/28/2022,1554.4,"1,514.12","1,572.59","1,490.12",859.14K,2.66%
10/29/2022,1619.61,"1,554.03","1,660.00","1,548.82",914.09K,4.20%
10/30/2022,1590.45,"1,619.92","1,638.41","1,577.24",476.15K,-1.80%
10/31/2022,1572.86,"1,590.71","1,634.10","1,550.70",810.30K,-1.11%
11/01/2022,1579.63,"1,572.75","1,609.23","1,564.67",527.44K,0.43%
11/02/2022,1519.08,"1,578.66","1,618.85","1,503.34",981.52K,-3.83%
11/03/2022,1531.01,"1,517.67","1,558.74","1,515.74",560.29K,0.79%
11/04/2022,1645.01,"1,530.81","1,666.22","1,528.55",935.52K,7.45%
11/05/2022,1627.0,"1,645.31","1,664.42","1,623.52",351.23K,-1.09%
11/06/2022,1571.03,"1,626.78","1,637.29","1,565.64",414.50K,-3.44%
11/07/2022,1567.46,"1,567.22","1,608.00","1,547.17",642.61K,-0.23%
11/08/2022,1335.23,"1,568.03","1,576.01","1,244.08",2.34M,-14.82%
11/09/2022,1100.68,"1,332.97","1,337.08","1,076.30",2.50M,-17.57%
11/10/2022,1299.17,"1,101.02","1,347.07","1,089.03",1.98M,18.03%
11/11/2022,1288.72,"1,298.33","1,307.24","1,202.86",1.31M,-0.80%
11/12/2022,1256.22,"1,288.51","1,291.37","1,239.33",547.79K,-2.52%
11/13/2022,1221.41,"1,256.95","1,274.23","1,205.61",547.46K,-2.77%
11/14/2022,1242.63,"1,222.09","1,288.97","1,175.37",934.59K,1.74%
11/15/2022,1253.46,"1,243.50","1,289.21","1,235.47",632.85K,0.87%
11/16/2022,1206.19,"1,252.81","1,267.62","1,188.81",666.32K,-3.77%
11/17/2022,1207.0,"1,217.54","1,227.76","1,185.58",532.95K,0.07%
11/18/2022,1207.34,"1,222.07","1,225.41","1,201.53",363.37K,0.03%
11/19/2022,1217.67,"1,207.73","1,231.15","1,206.81",209.69K,0.86%
11/20/2022,1142.88,"1,217.25","1,226.13","1,135.72",531.15K,-6.14%
11/21/2022,1107.49,"1,142.49","1,143.96","1,082.01",922.55K,-3.10%
11/22/2022,1139.78,"1,107.10","1,141.61","1,077.90",748.98K,2.92%
11/23/2022,1185.79,"1,138.12","1,189.13","1,128.59",637.35K,4.04%
11/24/2022,1203.74,"1,184.69","1,217.43","1,180.90",486.12K,1.51%
11/25/2022,1198.08,"1,203.38","1,204.75","1,172.72",391.32K,-0.47%
11/26/2022,1205.14,"1,199.48","1,229.16","1,196.93",379.95K,0.59%
11/27/2022,1193.35,"1,205.23","1,222.80","1,191.11",286.39K,-0.98%
11/28/2022,1167.71,"1,192.32","1,199.06","1,151.99",478.86K,-2.15%
11/29/2022,1216.54,"1,167.70","1,226.49","1,159.76",512.06K,4.18%
11/30/2022,1294.39,"1,216.66","1,304.93","1,213.42",815.68K,6.40%
12/01/2022,1276.04,"1,293.97","1,295.80","1,263.57",430.06K,-1.42%
12/02/2022,1295.69,"1,276.14","1,295.76","1,266.13",371.59K,1.54%
12/03/2022,1240.44,"1,295.88","1,302.56","1,237.83",347.14K,-4.26%
12/04/2022,1279.73,"1,240.11","1,284.19","1,240.11",324.79K,3.17%
12/05/2022,1259.54,"1,279.17","1,303.84","1,248.68",391.61K,-1.58%
12/06/2022,1271.25,"1,259.44","1,273.99","1,243.75",301.65K,0.93%
12/07/2022,1231.03,"1,271.57","1,275.18","1,221.10",398.58K,-3.16%
12/08/2022,1280.24,"1,231.58","1,289.71","1,223.24",406.66K,4.00%
12/09/2022,1262.85,"1,279.91","1,290.97","1,257.02",405.99K,-1.36%
12/10/2022,1266.61,"1,262.87","1,281.17","1,259.97",182.25K,0.30%
12/11/2022,1263.39,"1,266.34","1,282.82","1,258.63",180.41K,-0.25%
12/12/2022,1274.98,"1,262.18","1,278.35","1,241.40",363.82K,0.92%
12/13/2022,1320.73,"1,275.45","1,344.99","1,255.76",659.38K,3.59%
12/14/2022,1307.24,"1,319.57","1,348.41","1,302.73",554.42K,-1.02%
12/15/2022,1266.26,"1,307.42","1,311.05","1,260.88",390.14K,-3.13%
12/16/2022,1166.67,"1,266.11","1,279.27","1,156.86",751.43K,-7.86%
12/17/2022,1187.15,"1,165.99","1,189.17","1,162.75",328.93K,1.76%
12/18/2022,1182.64,"1,187.17","1,196.53","1,172.80",252.19K,-0.38%
12/19/2022,1167.82,"1,183.81","1,194.49","1,152.53",296.84K,-1.25%
12/20/2022,1217.18,"1,167.56","1,229.00","1,163.57",465.20K,4.23%
12/21/2022,1213.92,"1,216.89","1,218.62","1,205.45",245.72K,-0.27%
12/22/2022,1217.46,"1,213.37","1,229.34","1,185.24",336.84K,0.29%
12/23/2022,1219.99,"1,218.06","1,228.35","1,212.81",278.70K,0.21%
12/24/2022,1220.44,"1,219.98","1,226.19","1,214.70",123.68K,0.04%
12/25/2022,1218.65,"1,220.42","1,223.78","1,201.21",231.67K,-0.15%
12/26/2022,1227.62,"1,219.00","1,230.35","1,213.01",162.50K,0.74%
12/27/2022,1211.55,"1,228.19","1,233.10","1,202.04",262.62K,-1.31%
12/28/2022,1189.93,"1,211.44","1,214.18","1,184.18",367.81K,-1.78%
12/29/2022,1200.8,"1,190.53","1,205.27","1,187.16",249.10K,0.91%
12/30/2022,1199.99,"1,200.50","1,202.11","1,186.08",266.04K,-0.07%
12/31/2022,1195.65,"1,200.32","1,207.71","1,193.15",139.35K,-0.36%
